season,year,name,full_name,status,category,prize,country
1982-1983,1982,UK Championship,1982 UK Championship,Professional,Non-ranking,47000.0,England
1982-1983,1982,Professional Players Tournament,1982 Professional Players Tournament,Professional,Ranking,31500.0,England
1982-1983,1982,International Open,1982 International Open,Professional,Ranking,73500.0,England
1982-1983,1982,Scottish Masters,1982 Scottish Masters,Professional,Invitational,23000.0,Scotland
1982-1983,1982,Australian Masters,1982 Australian Masters,Professional,Invitational,18568.0,Australia
1981-1982,1982,Bass and Golden Leisure Classic,1982 Bass and Golden Leisure Classic,Professional,Invitational,1380.0,England
1981-1982,1982,Pontins Professional,1982 Pontins Professional,Professional,Non-ranking,10500.0,Wales
1981-1982,1982,World Championship,1982 World Championship,Professional,Ranking,110000.0,England
1981-1982,1982,Highland Masters,1982 Highland Masters,Professional,Invitational,10000.0,Scotland
1981-1982,1982,Irish Masters,1982 Irish Masters,Professional,Invitational,20413.0,Ireland
1981-1982,1982,Irish Professional Championship,1982 Irish Professional Championship,Professional,Non-ranking,8500.0,Northern Ireland
1981-1982,1982,Scottish Professional Championship,1982 Scottish Professional Championship,Professional,Non-ranking,3100.0,Scotland
1981-1982,1982,International Masters,1982 International Masters,Professional,Non-ranking,35200.0,England
1981-1982,1982,Welsh Professional Championship,1982 Welsh Professional Championship,Professional,Non-ranking,11500.0,Wales
1981-1982,1982,Tolly Cobbold Classic,1982 Tolly Cobbold Classic,Professional,Invitational,8500.0,England
1981-1982,1982,Masters,1982 Masters,Professional,Invitational,27000.0,England
1981-1982,1982,Classic,1982 Classic,Professional,Invitational,15000.0,England
1981-1982,1982,Pot Black,1982 Pot Black,Professional,Invitational,18000.0,England
1983-1984,1983,UK Championship,1983 UK Championship,Professional,Non-ranking,58800.0,England
1983-1984,1983,Professional Players Tournament,1983 Professional Players Tournament,Professional,Ranking,63600.0,England
1983-1984,1983,International Open,1983 International Open,Professional,Ranking,81000.0,England
1983-1984,1983,Scottish Masters,1983 Scottish Masters,Professional,Invitational,25500.0,Scotland
1983-1984,1983,Scottish Professional Championship,1983 Scottish Professional Championship,Professional,Non-ranking,4900.0,Scotland
1983-1984,1983,Thailand Masters,1983 Thailand Masters,Professional,Invitational,0.0,Thailand
1983-1984,1983,Hong Kong Masters,1983 Hong Kong Masters,Professional,Invitational,0.0,Hong Kong
1983-1984,1983,Canadian Professional Championship,1983 Canadian Professional Championship,Professional,Non-ranking,5250.0,Canada
1983-1984,1983,Australian Masters,1983 Australian Masters,Professional,Invitational,52980.0,Australia
1982-1983,1983,Pontins Brean Sands,1983 Pontins Brean Sands,Professional,Non-ranking,9000.0,England
1982-1983,1983,Pontins Professional,1983 Pontins Professional,Professional,Non-ranking,9000.0,Wales
1982-1983,1983,World Championship,1983 World Championship,Professional,Ranking,144700.0,England
1982-1983,1983,Irish Masters,1983 Irish Masters,Professional,Invitational,30260.0,Ireland
1982-1983,1983,Irish Professional Championship,1983 Irish Professional Championship,Professional,Non-ranking,15000.0,Northern Ireland
1982-1983,1983,International Masters,1983 International Masters,Professional,Non-ranking,54200.0,England
1982-1983,1983,Tolly Cobbold Classic,1983 Tolly Cobbold Classic,Professional,Invitational,15000.0,England
1982-1983,1983,Welsh Professional Championship,1983 Welsh Professional Championship,Professional,Non-ranking,13000.0,Wales
1982-1983,1983,Masters,1983 Masters,Professional,Invitational,55000.0,England
1982-1983,1983,Classic,1983 Classic,Professional,Invitational,64000.0,England
1982-1983,1983,Pot Black,1983 Pot Black,Professional,Invitational,16000.0,England
1984-1985,1984,UK Championship,1984 UK Championship,Professional,Ranking,101800.0,England
1984-1985,1984,Grand Prix,1984 Grand Prix,Professional,Ranking,225000.0,England
1984-1985,1984,International Open,1984 International Open,Professional,Ranking,147750.0,England
1984-1985,1984,Scottish Masters,1984 Scottish Masters,Professional,Invitational,28500.0,Scotland
1984-1985,1984,Carlsberg Challenge,1984 Carlsberg Challenge,Professional,Invitational,19500.0,Ireland
1984-1985,1984,Hong Kong Masters,1984 Hong Kong Masters,Professional,Non-ranking,0.0,Hong Kong
1984-1985,1984,Malaysian Masters,1984 Malaysian Masters,Professional,Invitational,0.0,Malaysia
1984-1985,1984,Singapore Masters,1984 Singapore Masters,Professional,Invitational,0.0,Singapore
1984-1985,1984,Thailand Masters,1984 Thailand Masters,Professional,Non-ranking,0.0,Thailand
1984-1985,1984,Costa Del Sol Classic,1984 Costa Del Sol Classic,Professional,Invitational,2850.0,Spain
1984-1985,1984,Australian Professional Championship,1984 Australian Professional Championship,Professional,Non-ranking,7485.0,Australia
1984-1985,1984,Australian Masters,1984 Australian Masters,Professional,Invitational,46415.0,Australia
1984-1985,1984,Canadian Professional Championship,1984 Canadian Professional Championship,Professional,Non-ranking,0.0,Canada
1984-1985,1984,New Zealand Masters,1984 New Zealand Masters,Professional,Invitational,19934.0,New Zealand
1983-1984,1984,Pontins Professional,1984 Pontins Professional,Professional,Non-ranking,12000.0,Wales
1983-1984,1984,World Championship,1984 World Championship,Professional,Ranking,199000.0,England
1983-1984,1984,Irish Masters,1984 Irish Masters,Professional,Invitational,36398.0,Ireland
1983-1984,1984,Welsh Professional Championship,1984 Welsh Professional Championship,Professional,Non-ranking,14500.0,Wales
1983-1984,1984,International Masters,1984 International Masters,Professional,Non-ranking,63750.0,England
1983-1984,1984,Tolly Cobbold Classic,1984 Tolly Cobbold Classic,Professional,Invitational,20500.0,England
1983-1984,1984,Masters,1984 Masters,Professional,Invitational,126500.0,England
1983-1984,1984,Classic,1984 Classic,Professional,Ranking,82000.0,England
1983-1984,1984,Scottish Professional Championship,1984 Scottish Professional Championship,Professional,Non-ranking,0.0,Scotland
1983-1984,1984,Pot Black,1984 Pot Black,Professional,Invitational,40750.0,England
1985-1986,1985,KitKat Break for World Champions,1985 KitKat Break for World Champions,Professional,Invitational,30000.0,England
1985-1986,1985,WPBSA Pro Ticket Series 87/88 - Event 2,1985 WPBSA Pro Ticket Series 87/88 - Event 2,Professional,Tour Qualifier,11700.0,Wales
1985-1986,1985,UK Championship,1985 UK Championship,Professional,Ranking,120008.0,England
1985-1986,1985,WPBSA Pro Ticket Series 87/88 - Event 1,1985 WPBSA Pro Ticket Series 87/88 - Event 1,Professional,Tour Qualifier,12500.0,Wales
1985-1986,1985,Canadian Masters,1985 Canadian Masters,Professional,Invitational,47500.0,Canada
1985-1986,1985,Grand Prix,1985 Grand Prix,Professional,Ranking,249962.0,England
1985-1986,1985,Matchroom Trophy,1985 Matchroom Trophy,Professional,Ranking,168008.0,England
1985-1986,1985,Scottish Masters,1985 Scottish Masters,Professional,Invitational,31000.0,Scotland
1985-1986,1985,Hong Kong Masters,1985 Hong Kong Masters,Professional,Invitational,0.0,Hong Kong
1985-1986,1985,Australian Professional Championship,1985 Australian Professional Championship,Professional,Non-ranking,16425.0,Australia
1985-1986,1985,Singapore Masters,1985 Singapore Masters,Professional,Invitational,0.0,Singapore
1985-1986,1985,Thailand Masters,1985 Thailand Masters,Professional,Non-ranking,0.0,Thailand
1985-1986,1985,Australian Masters,1985 Australian Masters,Professional,Invitational,60000.0,Australia
1985-1986,1985,Canadian Professional Championship,1985 Canadian Professional Championship,Professional,Non-ranking,5000.0,Canada
1985-1986,1985,Carlsberg Challenge,1985 Carlsberg Challenge,Professional,Invitational,28500.0,Ireland
1985-1986,1985,WPBSA Pro Ticket Series 86/87 - Event 2,1985 WPBSA Pro Ticket Series 86/87 - Event 2,Professional,Tour Qualifier,20000.0,England
1984-1985,1985,Pontins Professional,1985 Pontins Professional,Professional,Non-ranking,0.0,Wales
1984-1985,1985,Welsh Professional Championship,1985 Welsh Professional Championship,Professional,Non-ranking,15000.0,Wales
1985-1986,1985,WPBSA Pro Ticket Series 86/87 - Event 1,1985 WPBSA Pro Ticket Series 86/87 - Event 1,Professional,Tour Qualifier,19925.0,England
1984-1985,1985,World Championship,1985 World Championship,Professional,Ranking,300600.0,England
1984-1985,1985,Irish Professional Championship,1985 Irish Professional Championship,Professional,Non-ranking,19600.0,Northern Ireland
1984-1985,1985,Irish Masters,1985 Irish Masters,Professional,Invitational,69025.0,Ireland
1984-1985,1985,British Open,1985 British Open,Professional,Ranking,244000.0,England
1984-1985,1985,English Professional Championship,1985 English Professional Championship,Professional,Non-ranking,75000.0,England
1984-1985,1985,Scottish Professional Championship,1985 Scottish Professional Championship,Professional,Non-ranking,10000.0,Scotland
1984-1985,1985,Masters,1985 Masters,Professional,Invitational,146252.0,England
1984-1985,1985,Classic,1985 Classic,Professional,Ranking,196000.0,England
1985-1986,1985,Pot Black,1985 Pot Black,Professional,Invitational,0.0,England
1986-1987,1986,Pot Black,1986 Pot Black,Professional,Invitational,0.0,England
1986-1987,1986,UK Championship,1986 UK Championship,Professional,Ranking,299980.0,England
1986-1987,1986,Canadian Masters,1986 Canadian Masters,Professional,Invitational,62497.0,Canada
1986-1987,1986,Grand Prix,1986 Grand Prix,Professional,Ranking,278595.0,England
1986-1987,1986,WPBSA Pro Ticket Series 88/89 - Event 1,1986 WPBSA Pro Ticket Series 88/89 - Event 1,Professional,Tour Qualifier,11575.0,Wales
1986-1987,1986,International Open,1986 International Open,Professional,Ranking,172732.0,England
1986-1987,1986,Scottish Masters,1986 Scottish Masters,Professional,Invitational,40000.0,Scotland
1986-1987,1986,Matchroom Trophy,1986 Matchroom Trophy,Professional,Invitational,100000.0,England
1986-1987,1986,Carlsberg Challenge,1986 Carlsberg Challenge,Professional,Invitational,31000.0,Ireland
1986-1987,1986,Hong Kong Masters,1986 Hong Kong Masters,Professional,Invitational,86800.0,Hong Kong
1986-1987,1986,Malaysian Masters,1986 Malaysian Masters,Professional,Invitational,0.0,Malaysia
1986-1987,1986,China Masters,1986 China Masters,Professional,Invitational,0.0,China
1986-1987,1986,Australian Professional Championship,1986 Australian Professional Championship,Professional,Non-ranking,12268.0,Australia
1986-1987,1986,Canadian Professional Championship,1986 Canadian Professional Championship,Professional,Non-ranking,12900.0,Canada
1986-1987,1986,South African Professional Championship,1986 South African Professional Championship,Professional,Non-ranking,19650.0,South Africa
1986-1987,1986,Thailand Masters,1986 Thailand Masters,Professional,Invitational,0.0,Thailand
1986-1987,1986,Australian Masters,1986 Australian Masters,Professional,Invitational,16000.0,Australia
1985-1986,1986,Pontins Professional,1986 Pontins Professional,Professional,Non-ranking,0.0,Wales
1985-1986,1986,WPBSA Pro Ticket Series 87/88- Event 4,1986 WPBSA Pro Ticket Series 87/88- Event 4,Professional,Tour Qualifier,11700.0,England
1985-1986,1986,WPBSA Pro Ticket Series 87/88 - Event 3,1986 WPBSA Pro Ticket Series 87/88 - Event 3,Professional,Tour Qualifier,12100.0,Wales
1985-1986,1986,Irish Professional Championship,1986 Irish Professional Championship,Professional,Non-ranking,21100.0,Northern Ireland
1985-1986,1986,World Championship,1986 World Championship,Professional,Ranking,349982.0,England
1985-1986,1986,Irish Masters,1986 Irish Masters,Professional,Invitational,77583.0,Ireland
1985-1986,1986,Scottish Professional Championship,1986 Scottish Professional Championship,Professional,Non-ranking,14000.0,Scotland
1985-1986,1986,British Open,1986 British Open,Professional,Ranking,274995.0,England
1985-1986,1986,Welsh Professional Championship,1986 Welsh Professional Championship,Professional,Non-ranking,15000.0,Wales
1985-1986,1986,English Professional Championship,1986 English Professional Championship,Professional,Non-ranking,80000.0,England
1985-1986,1986,Masters,1986 Masters,Professional,Invitational,175000.0,England
1985-1986,1986,Belgian Classic,1986 Belgian Classic,Professional,Invitational,40000.0,Belgium
1985-1986,1986,Classic,1986 Classic,Professional,Ranking,224977.0,England
1987-1988,1987,UK Championship,1987 UK Championship,Professional,Ranking,354998.0,England
1987-1988,1987,Canadian Masters,1987 Canadian Masters,Professional,Invitational,75000.0,Canada
1987-1988,1987,Grand Prix,1987 Grand Prix,Professional,Ranking,300012.0,England
1987-1988,1987,Matchroom Trophy,1987 Matchroom Trophy,Professional,Invitational,125000.0,England
1987-1988,1987,International Open,1987 International Open,Professional,Ranking,199992.0,England
1987-1988,1987,Carling Championships,1987 Carling Championships,Professional,Invitational,32650.0,Ireland
1987-1988,1987,WPBSA Pro Ticket Series 88/89 - Event 4,1987 WPBSA Pro Ticket Series 88/89 - Event 4,Professional,Tour Qualifier,14900.0,Wales
1987-1988,1987,Scottish Masters,1987 Scottish Masters,Professional,Invitational,52000.0,Scotland
1987-1988,1987,Hong Kong Masters,1987 Hong Kong Masters,Professional,Invitational,75000.0,Hong Kong
1987-1988,1987,Tokyo Masters,1987 Tokyo Masters,Professional,Invitational,100000.0,Japan
1987-1988,1987,Australian Professional Championship,1987 Australian Professional Championship,Professional,Non-ranking,9107.0,Australia
1987-1988,1987,Canadian Professional Championship,1987 Canadian Professional Championship,Professional,Non-ranking,13600.0,Canada
1987-1988,1987,Australian Masters,1987 Australian Masters,Professional,Invitational,88883.0,Australia
1986-1987,1987,Pontins Professional,1987 Pontins Professional,Professional,Non-ranking,5000.0,Wales
1986-1987,1987,WPBSA Pro Ticket Series 88/89 - Event 3,1987 WPBSA Pro Ticket Series 88/89 - Event 3,Professional,Tour Qualifier,11700.0,England
1986-1987,1987,WPBSA Pro Ticket Series 88/89 - Event 2,1987 WPBSA Pro Ticket Series 88/89 - Event 2,Professional,Tour Qualifier,11700.0,England
1986-1987,1987,World Championship,1987 World Championship,Professional,Ranking,400000.0,England
1986-1987,1987,Irish Masters,1987 Irish Masters,Professional,Invitational,90000.0,Ireland
1986-1987,1987,Kent Cup,1987 Kent Cup,Professional,Invitational,30000.0,China
1986-1987,1987,Professional Play-offs,1987 Professional Play-offs,Professional,Tour Qualifier,0.0,England
1986-1987,1987,British Open,1987 British Open,Professional,Ranking,300812.0,England
1986-1987,1987,Welsh Professional Championship,1987 Welsh Professional Championship,Professional,Non-ranking,20000.0,Wales
1986-1987,1987,English Professional Championship,1987 English Professional Championship,Professional,Non-ranking,86000.0,England
1986-1987,1987,Irish Professional Championship,1987 Irish Professional Championship,Professional,Non-ranking,23000.0,Northern Ireland
1986-1987,1987,Scottish Professional Championship,1987 Scottish Professional Championship,Professional,Non-ranking,11000.0,Scotland
1986-1987,1987,Masters,1987 Masters,Professional,Invitational,200000.0,England
1986-1987,1987,Classic,1987 Classic,Professional,Ranking,249837.0,England
1988-1989,1988,World Matchplay,1988 World Matchplay,Professional,Invitational,240000.0,England
1988-1989,1988,WPBSA Non-Ranking - Event 3,1988 WPBSA Non-Ranking - Event 3,Professional,Non-ranking,24425.0,England
1988-1989,1988,UK Championship,1988 UK Championship,Professional,Ranking,398000.0,England
1988-1989,1988,WPBSA Non-Ranking - Event 2,1988 WPBSA Non-Ranking - Event 2,Professional,Non-ranking,25000.0,England
1988-1989,1988,Canadian Masters,1988 Canadian Masters,Professional,Ranking,199992.0,Canada
1988-1989,1988,Grand Prix,1988 Grand Prix,Professional,Ranking,324997.0,England
1988-1989,1988,Fosters Professional,1988 Fosters Professional,Professional,Invitational,34700.0,Ireland
1988-1989,1988,Matchroom Professional Championship,1988 Matchroom Professional Championship,Professional,Invitational,125000.0,England
1988-1989,1988,WPBSA Pro Ticket Series 89/90 - Event 3,1988 WPBSA Pro Ticket Series 89/90 - Event 3,Professional,Tour Qualifier,11700.0,Wales
1988-1989,1988,Dubai Masters,1988 Dubai Masters,Professional,Invitational,73000.0,United Arab Emirates
1988-1989,1988,Australian Professional Championship,1988 Australian Professional Championship,Professional,Non-ranking,7550.0,Australia
1988-1989,1988,Canadian Professional Championship,1988 Canadian Professional Championship,Professional,Non-ranking,22625.0,Canada
1988-1989,1988,WPBSA Non-Ranking - Event 1,1988 WPBSA Non-Ranking - Event 1,Professional,Non-ranking,25000.0,Scotland
1988-1989,1988,International Open,1988 International Open,Professional,Ranking,224993.0,England
1988-1989,1988,Hong Kong Masters,1988 Hong Kong Masters,Professional,Invitational,75000.0,Hong Kong
1988-1989,1988,New Zealand Masters,1988 New Zealand Masters,Professional,Non-ranking,40000.0,New Zealand
1988-1989,1988,WPBSA Pro Ticket Series 89/90 - Event 2,1988 WPBSA Pro Ticket Series 89/90 - Event 2,Professional,Tour Qualifier,11700.0,England
1988-1989,1988,WPBSA Pro Ticket Series 89/90 - Event 1,1988 WPBSA Pro Ticket Series 89/90 - Event 1,Professional,Tour Qualifier,11700.0,England
1987-1988,1988,Pontins Professional,1988 Pontins Professional,Professional,Non-ranking,6000.0,Wales
1987-1988,1988,World Championship,1988 World Championship,Professional,Ranking,474003.0,England
1987-1988,1988,Kent Cup,1988 Kent Cup,Professional,Non-ranking,115000.0,China
1987-1988,1988,Irish Masters,1988 Irish Masters,Professional,Invitational,108670.0,Ireland
1987-1988,1988,Professional Play-offs,1988 Professional Play-offs,Professional,Tour Qualifier,0.0,England
1987-1988,1988,British Open,1988 British Open,Professional,Ranking,298699.0,England
1987-1988,1988,Scottish Professional Championship,1988 Scottish Professional Championship,Professional,Non-ranking,25000.0,Scotland
1987-1988,1988,Irish Professional Championship,1988 Irish Professional Championship,Professional,Non-ranking,14000.0,Northern Ireland
1987-1988,1988,Welsh Professional Championship,1988 Welsh Professional Championship,Professional,Non-ranking,22500.0,Wales
1987-1988,1988,English Professional Championship,1988 English Professional Championship,Professional,Non-ranking,63004.0,England
1987-1988,1988,Masters,1988 Masters,Professional,Invitational,225000.0,England
1987-1988,1988,Classic,1988 Classic,Professional,Ranking,250010.0,England
1987-1988,1988,Matchroom League,1988 Matchroom League,Professional,League,220000.0,England
1987-1988,1988,South African Professional Championship,1988 South African Professional Championship,Professional,Non-ranking,4000.0,South Africa
1989-1990,1989,World Matchplay,1989 World Matchplay,Professional,Invitational,250000.0,England
1989-1990,1989,UK Championship,1989 UK Championship,Professional,Ranking,420000.0,England
1989-1990,1989,Norwich Union Grand Prix,1989 Norwich Union Grand Prix,Professional,Invitational,40000.0,England
1989-1990,1989,WPBSA Non-Ranking - Event 2,1989 WPBSA Non-Ranking - Event 2,Professional,Non-ranking,22975.0,Scotland
1989-1990,1989,Dubai Classic,1989 Dubai Classic,Professional,Ranking,201000.0,United Arab Emirates
1989-1990,1989,Grand Prix,1989 Grand Prix,Professional,Ranking,349998.0,England
1989-1990,1989,WPBSA Pro Ticket Series 90/91 - Event 3,1989 WPBSA Pro Ticket Series 90/91 - Event 3,Professional,Tour Qualifier,14900.0,England
1989-1990,1989,International Open,1989 International Open,Professional,Ranking,199992.0,England
1989-1990,1989,Scottish Masters,1989 Scottish Masters,Professional,Invitational,86000.0,Scotland
1989-1990,1989,WPBSA Non-Ranking - Event 1,1989 WPBSA Non-Ranking - Event 1,Professional,Non-ranking,20000.0,England
1989-1990,1989,Asian Open,1989 Asian Open,Professional,Ranking,199500.0,Thailand
1989-1990,1989,Hong Kong Open,1989 Hong Kong Open,Professional,Ranking,200000.0,Hong Kong
1989-1990,1989,New Zealand Masters,1989 New Zealand Masters,Professional,Invitational,38080.0,New Zealand
1988-1989,1989,Pontins Professional,1989 Pontins Professional,Professional,Non-ranking,3500.0,Wales
1989-1990,1989,WPBSA Pro Ticket Series 90/91 - Event 2,1989 WPBSA Pro Ticket Series 90/91 - Event 2,Professional,Tour Qualifier,11700.0,England
1989-1990,1989,WPBSA Pro Ticket Series 90/91 - Event 1,1989 WPBSA Pro Ticket Series 90/91 - Event 1,Professional,Tour Qualifier,11700.0,Isle of Wight
1988-1989,1989,World Championship,1989 World Championship,Professional,Ranking,524805.0,England
1988-1989,1989,Professional Play-offs,1989 Professional Play-offs,Professional,Tour Qualifier,0.0,England
1988-1989,1989,Irish Masters,1989 Irish Masters,Professional,Invitational,112160.0,Ireland
1988-1989,1989,British Open,1989 British Open,Professional,Ranking,346607.0,England
1988-1989,1989,English Professional Championship,1989 English Professional Championship,Professional,Non-ranking,66000.0,England
1988-1989,1989,Irish Professional Championship,1989 Irish Professional Championship,Professional,Non-ranking,11850.0,Northern Ireland
1988-1989,1989,Scottish Professional Championship,1989 Scottish Professional Championship,Professional,Non-ranking,6002.0,Scotland
1988-1989,1989,European Open,1989 European Open,Professional,Ranking,197207.0,France
1988-1989,1989,Masters,1989 Masters,Professional,Invitational,250000.0,England
1988-1989,1989,Classic,1989 Classic,Professional,Ranking,274995.0,England
1988-1989,1989,South African Professional Championship,1989 South African Professional Championship,Professional,Non-ranking,13800.0,South Africa
1988-1989,1989,Welsh Professional Championship,1989 Welsh Professional Championship,Professional,Non-ranking,26000.0,Wales
1988-1989,1989,London Masters,1989 London Masters,Professional,Invitational,50000.0,England
1990-1991,1990,World Matchplay,1990 World Matchplay,Professional,Invitational,200000.0,England
1990-1991,1990,Benson and Hedges Satellite Championship,1990 Benson and Hedges Satellite Championship,Professional,Non-ranking,8500.0,Scotland
1990-1991,1990,UK Championship,1990 UK Championship,Professional,Ranking,450000.0,England
1990-1991,1990,Dubai Classic,1990 Dubai Classic,Professional,Ranking,199250.0,United Arab Emirates
1990-1991,1990,Asian Open,1990 Asian Open,Professional,Ranking,199250.0,China
1990-1991,1990,Grand Prix,1990 Grand Prix,Professional,Ranking,368000.0,England
1990-1991,1990,International One Frame Shoot-out,1990 International One Frame Shoot-out,Professional,Non-ranking,39750.0,England
1990-1991,1990,Humo Masters,1990 Humo Masters,Professional,Non-ranking,71000.0,Belgium
1990-1991,1990,Scottish Masters,1990 Scottish Masters,Professional,Invitational,96000.0,Scotland
1990-1991,1990,Hong Kong Challenge,1990 Hong Kong Challenge,Professional,Non-ranking,71000.0,Hong Kong
1989-1990,1990,Professional Play-offs,1990 Professional Play-offs,Professional,Tour Qualifier,0.0,England
1989-1990,1990,Pontins Professional,1990 Pontins Professional,Professional,Non-ranking,2700.0,Wales
1989-1990,1990,World Championship,1990 World Championship,Professional,Ranking,600008.0,England
1989-1990,1990,Irish Masters,1990 Irish Masters,Professional,Invitational,150000.0,Ireland
1989-1990,1990,Kent Cup,1990 Kent Cup,Professional,Invitational,9760.0,China
1989-1990,1990,European Open,1990 European Open,Professional,Ranking,200000.0,France
1989-1990,1990,British Open,1990 British Open,Professional,Ranking,365624.0,England
1989-1990,1990,Welsh Professional Championship,1990 Welsh Professional Championship,Professional,Non-ranking,27600.0,Wales
1989-1990,1990,Masters,1990 Masters,Professional,Invitational,275000.0,England
1989-1990,1990,Classic,1990 Classic,Professional,Ranking,298699.0,England
1989-1990,1990,Matchroom International League,1990 Matchroom International League,Professional,League,0.0,England
1989-1990,1990,London Masters,1990 London Masters,Professional,Invitational,75000.0,England
1991-1992,1991,Belgian Challenge,1991 Belgian Challenge,Professional,Non-ranking,64000.0,Belgium
1991-1992,1991,World Matchplay,1991 World Matchplay,Professional,Invitational,160000.0,England
1991-1992,1991,UK Championship,1991 UK Championship,Professional,Ranking,198900.0,England
1991-1992,1991,Benson and Hedges Satellite Championship,1991 Benson and Hedges Satellite Championship,Professional,Non-ranking,8500.0,Scotland
1991-1992,1991,Grand Prix,1991 Grand Prix,Professional,Ranking,399300.0,England
1991-1992,1991,Dubai Classic,1991 Dubai Classic,Professional,Ranking,213750.0,United Arab Emirates
1991-1992,1991,World Seniors Championship,1991 World Seniors Championship,Professional,Invitational,48000.0,England
1991-1992,1991,Scottish Masters,1991 Scottish Masters,Professional,Invitational,105000.0,Scotland
1991-1992,1991,Indian Challenge,1991 Indian Challenge,Professional,Non-ranking,59000.0,India
1991-1992,1991,Humo Masters,1991 Humo Masters,Professional,Non-ranking,85000.0,Belgium
1991-1992,1991,Hong Kong Challenge,1991 Hong Kong Challenge,Professional,Non-ranking,59000.0,Hong Kong
1991-1992,1991,Pot Black,1991 Pot Black,Professional,Invitational,33000.0,England
1991-1992,1991,Thailand Masters,1991 Thailand Masters,Professional,Non-ranking,41248.0,Thailand
1991-1992,1991,European Challenge,1991 European Challenge,Professional,Non-ranking,50000.0,Belgium
1990-1991,1991,Pontins Professional,1991 Pontins Professional,Professional,Non-ranking,3500.0,Wales
1990-1991,1991,World Championship,1991 World Championship,Professional,Ranking,748500.0,England
1990-1991,1991,Irish Masters,1991 Irish Masters,Professional,Invitational,144000.0,Ireland
1990-1991,1991,Kent Cup,1991 Kent Cup,Professional,Invitational,9760.0,China
1990-1991,1991,European Open,1991 European Open,Professional,Ranking,196250.0,Netherlands
1990-1991,1991,British Open,1991 British Open,Professional,Ranking,400000.0,England
1990-1991,1991,Welsh Professional Championship,1991 Welsh Professional Championship,Professional,Non-ranking,33500.0,Wales
1990-1991,1991,Masters,1991 Masters,Professional,Invitational,350000.0,England
1990-1991,1991,World Masters - Men's Singles,1991 World Masters - Men's Singles,Professional,Non-ranking,696000.0,England
1990-1991,1991,Classic,1991 Classic,Professional,Ranking,300000.0,England
1990-1991,1991,London Masters,1991 London Masters,Professional,Invitational,75000.0,England
1992-1993,1992,Indian Masters,1992 Indian Masters,Professional,Invitational,5000.0,India
1992-1993,1992,Strachan Challenge - Event 1,1992 Strachan Challenge - Event 1,Professional,Minor Ranking,24800.0,England
1992-1993,1992,World Matchplay,1992 World Matchplay,Professional,Invitational,160000.0,England
1992-1993,1992,UK Championship,1992 UK Championship,Professional,Ranking,336400.0,England
1992-1993,1992,Humo Masters,1992 Humo Masters,Professional,Non-ranking,58000.0,Belgium
1992-1993,1992,Benson and Hedges Championship,1992 Benson and Hedges Championship,Professional,Minor Ranking,5000.0,Scotland
1992-1993,1992,Grand Prix,1992 Grand Prix,Professional,Ranking,424700.0,England
1992-1993,1992,Dubai Classic,1992 Dubai Classic,Professional,Ranking,223800.0,United Arab Emirates
1992-1993,1992,Scottish Masters,1992 Scottish Masters,Professional,Invitational,125000.0,Scotland
1992-1993,1992,Kent Classic,1992 Kent Classic,Professional,Non-ranking,110000.0,China
1991-1992,1992,Irish Professional Championship,1992 Irish Professional Championship,Professional,Non-ranking,3000.0,Ireland
1991-1992,1992,Pontins Professional,1992 Pontins Professional,Professional,Non-ranking,12000.0,Wales
1991-1992,1992,World Championship,1992 World Championship,Professional,Ranking,946500.0,England
1991-1992,1992,Irish Masters,1992 Irish Masters,Professional,Invitational,161500.0,Ireland
1991-1992,1992,European Open,1992 European Open,Professional,Ranking,145000.0,Belgium
1991-1992,1992,Strachan Open,1992 Strachan Open,Professional,Ranking,60000.0,England
1991-1992,1992,European Challenge,1992 European Challenge,Professional,Non-ranking,50000.0,Belgium
1991-1992,1992,British Open,1992 British Open,Professional,Ranking,442000.0,England
1991-1992,1992,Welsh Open,1992 Welsh Open,Professional,Ranking,120000.0,Wales
1991-1992,1992,Masters,1992 Masters,Professional,Invitational,365000.0,England
1991-1992,1992,Asian Open,1992 Asian Open,Professional,Ranking,180000.0,Thailand
1991-1992,1992,Classic,1992 Classic,Professional,Ranking,326000.0,England
1993-1994,1993,European Open,1993 European Open,Professional,Ranking,114800.0,Belgium
1993-1994,1993,UK Championship,1993 UK Championship,Professional,Ranking,375000.0,England
1993-1994,1993,Benson and Hedges Championship,1993 Benson and Hedges Championship,Professional,Non-ranking,7870.0,Scotland
1993-1994,1993,Merseyside Professional,1993 Merseyside Professional,Professional,Non-ranking,500.0,England
1993-1994,1993,Grand Prix,1993 Grand Prix,Professional,Ranking,326800.0,England
1993-1994,1993,Dubai Classic,1993 Dubai Classic,Professional,Ranking,221925.0,United Arab Emirates
1993-1994,1993,Scottish Masters,1993 Scottish Masters,Professional,Invitational,140000.0,Scotland
1993-1994,1993,Pot Black,1993 Pot Black,Professional,Invitational,34000.0,England
1992-1993,1993,Pontins Professional,1993 Pontins Professional,Professional,Non-ranking,3500.0,Wales
1992-1993,1993,World Championship,1993 World Championship,Professional,Ranking,742400.0,England
1992-1993,1993,International Open,1993 International Open,Professional,Ranking,149000.0,England
1992-1993,1993,Irish Masters,1993 Irish Masters,Professional,Invitational,180000.0,Ireland
1992-1993,1993,Asian Open,1993 Asian Open,Professional,Ranking,179750.0,Thailand
1992-1993,1993,British Open,1993 British Open,Professional,Ranking,249800.0,England
1992-1993,1993,European Open,1993 European Open,Professional,Ranking,150000.0,Belgium
1992-1993,1993,Masters,1993 Masters,Professional,Invitational,390000.0,England
1992-1993,1993,Extra Challenge,1993 Extra Challenge,Professional,Invitational,30000.0,Thailand
1992-1993,1993,Strachan Challenge - Event 3,1993 Strachan Challenge - Event 3,Professional,Minor Ranking,25050.0,England
1992-1993,1993,European Challenge,1993 European Challenge,Professional,Non-ranking,50000.0,France
1992-1993,1993,Welsh Open,1993 Welsh Open,Professional,Ranking,140000.0,Wales
1992-1993,1993,Strachan Challenge - Event 2,1993 Strachan Challenge - Event 2,Professional,Minor Ranking,25050.0,England
1992-1993,1993,Irish Professional Championship,1993 Irish Professional Championship,Professional,Non-ranking,16000.0,Ireland
1994-1995,1994,European Open,1994 European Open,Professional,Ranking,297730.0,Belgium
1994-1995,1994,Malta Grand Prix,1994 Malta Grand Prix,Professional,Invitational,16500.0,Malta
1994-1995,1994,UK Championship,1994 UK Championship,Professional,Ranking,372025.0,England
1994-1995,1994,Merseyside Professional,1994 Merseyside Professional,Professional,Non-ranking,0.0,England
1994-1995,1994,WPBSA Minor Tour - Event 1,1994 WPBSA Minor Tour - Event 1,Professional,Non-ranking,14000.0,Belgium
1994-1995,1994,Benson and Hedges Championship,1994 Benson and Hedges Championship,Professional,Non-ranking,30000.0,England
1994-1995,1994,Grand Prix,1994 Grand Prix,Professional,Ranking,337800.0,England
1994-1995,1994,Dubai Classic,1994 Dubai Classic,Professional,Ranking,220795.0,United Arab Emirates
1994-1995,1994,Scottish Masters,1994 Scottish Masters,Professional,Invitational,155000.0,Scotland
1993-1994,1994,Pontins Professional,1994 Pontins Professional,Professional,Non-ranking,12000.0,Wales
1993-1994,1994,World Championship,1994 World Championship,Professional,Ranking,1026400.0,England
1993-1994,1994,British Open,1994 British Open,Professional,Ranking,199640.0,England
1993-1994,1994,Irish Masters,1994 Irish Masters,Professional,Invitational,190000.0,Ireland
1993-1994,1994,Strachan Challenge - Event 2,1994 Strachan Challenge - Event 2,Professional,Non-ranking,17000.0,England
1993-1994,1994,Thailand Open,1994 Thailand Open,Professional,Ranking,178695.0,Thailand
1993-1994,1994,Strachan Challenge - Event 1,1994 Strachan Challenge - Event 1,Professional,Non-ranking,17000.0,England
1993-1994,1994,International Open,1994 International Open,Professional,Ranking,150000.0,England
1993-1994,1994,Masters,1994 Masters,Professional,Invitational,415000.0,England
1993-1994,1994,Welsh Open,1994 Welsh Open,Professional,Ranking,138285.0,Wales
1995-1996,1995,German Open,1995 German Open,Professional,Ranking,228000.0,Germany
1995-1996,1995,UK Championship,1995 UK Championship,Professional,Ranking,400000.0,England
1995-1996,1995,Merseyside Professional,1995 Merseyside Professional,Professional,Non-ranking,0.0,England
1995-1996,1995,Malta Grand Prix,1995 Malta Grand Prix,Professional,Invitational,15900.0,Malta
1995-1996,1995,Grand Prix,1995 Grand Prix,Professional,Ranking,330000.0,England
1995-1996,1995,Benson and Hedges Championship,1995 Benson and Hedges Championship,Professional,Non-ranking,30000.0,Scotland
1995-1996,1995,Thailand Classic,1995 Thailand Classic,Professional,Ranking,225405.0,Thailand
1995-1996,1995,Scottish Masters,1995 Scottish Masters,Professional,Invitational,165000.0,Scotland
1995-1996,1995,Australian Open Championship,1995 Australian Open Championship,Professional,Non-ranking,0.0,Australia
1995-1996,1995,Red and White Challenge,1995 Red and White Challenge,Professional,Invitational,9000.0,Pakistan
1994-1995,1995,Pontins Professional,1995 Pontins Professional,Professional,Non-ranking,3500.0,Wales
1994-1995,1995,WPBSA Minor Tour - Event 5,1995 WPBSA Minor Tour - Event 5,Professional,Non-ranking,9000.0,Malta
1994-1995,1995,World Championship,1995 World Championship,Professional,Ranking,1359000.0,England
1994-1995,1995,British Open,1995 British Open,Professional,Ranking,329760.0,England
1994-1995,1995,WPBSA Minor Tour - Event 4,1995 WPBSA Minor Tour - Event 4,Professional,Non-ranking,23550.0,Finland
1994-1995,1995,Irish Masters,1995 Irish Masters,Professional,Invitational,200000.0,Ireland
1994-1995,1995,Thailand Open,1995 Thailand Open,Professional,Ranking,182850.0,Thailand
1994-1995,1995,WPBSA Minor Tour - Event 3,1995 WPBSA Minor Tour - Event 3,Professional,Non-ranking,6500.0,Germany
1994-1995,1995,International Open,1995 International Open,Professional,Ranking,323100.0,England
1994-1995,1995,Masters,1995 Masters,Professional,Invitational,435000.0,England
1994-1995,1995,WPBSA Minor Tour - Event 2,1995 WPBSA Minor Tour - Event 2,Professional,Non-ranking,7650.0,Thailand
1994-1995,1995,Welsh Open,1995 Welsh Open,Professional,Ranking,196400.0,Wales
1994-1995,1995,Charity Challenge,1995 Charity Challenge,Professional,Invitational,160000.0,England
1996-1997,1996,German Open,1996 German Open,Professional,Ranking,230000.0,Germany
1996-1997,1996,UK Championship,1996 UK Championship,Professional,Ranking,380000.0,England
1996-1997,1996,Merseyside Professional,1996 Merseyside Professional,Professional,Non-ranking,0.0,England
1996-1997,1996,Grand Prix,1996 Grand Prix,Professional,Ranking,330000.0,England
1996-1997,1996,Malta Grand Prix,1996 Malta Grand Prix,Professional,Invitational,5000.0,Malta
1996-1997,1996,Benson and Hedges Championship,1996 Benson and Hedges Championship,Professional,Non-ranking,30000.0,Scotland
1996-1997,1996,Scottish Masters,1996 Scottish Masters,Professional,Invitational,175000.0,Scotland
1996-1997,1996,Asian Classic,1996 Asian Classic,Professional,Ranking,230000.0,Thailand
1995-1996,1996,Pontins Professional,1996 Pontins Professional,Professional,Non-ranking,3000.0,Wales
1995-1996,1996,Malta Masters,1996 Malta Masters,Professional,Invitational,15000.0,Malta
1995-1996,1996,World Championship,1996 World Championship,Professional,Ranking,1200000.0,England
1995-1996,1996,British Open,1996 British Open,Professional,Ranking,321400.0,England
1995-1996,1996,Irish Masters,1996 Irish Masters,Professional,Invitational,190000.0,Ireland
1995-1996,1996,Thailand Open,1996 Thailand Open,Professional,Ranking,224405.0,Thailand
1995-1996,1996,European Open,1996 European Open,Professional,Ranking,325000.0,Malta
1995-1996,1996,International Open,1996 International Open,Professional,Ranking,325000.0,England
1995-1996,1996,Masters,1996 Masters,Professional,Invitational,460000.0,England
1995-1996,1996,Guangzhou Masters,1996 Guangzhou Masters,Professional,Invitational,11000.0,China
1995-1996,1996,Welsh Open,1996 Welsh Open,Professional,Ranking,205000.0,Wales
1995-1996,1996,Charity Challenge,1996 Charity Challenge,Professional,Invitational,150000.0,England
1997-1998,1997,German Open,1997 German Open,Professional,Ranking,278400.0,Germany
1997-1998,1997,UK Championship,1997 UK Championship,Professional,Ranking,440000.0,England
1997-1998,1997,Merseyside Professional,1997 Merseyside Professional,Professional,Non-ranking,0.0,England
1997-1998,1997,Malta Grand Prix,1997 Malta Grand Prix,Professional,Invitational,5000.0,Malta
1997-1998,1997,Benson and Hedges Championship,1997 Benson and Hedges Championship,Professional,Non-ranking,32750.0,England
1997-1998,1997,Grand Prix,1997 Grand Prix,Professional,Ranking,348800.0,England
1997-1998,1997,Scottish Masters,1997 Scottish Masters,Professional,Invitational,180500.0,Scotland
1997-1998,1997,China International,1997 China International,Professional,Invitational,10000.0,China
1997-1998,1997,Superstar International,1997 Superstar International,Professional,Invitational,31000.0,China
1997-1998,1997,WPBSA Qualifying School - Event 1,1997 WPBSA Qualifying School - Event 1,Professional,Tour Qualifier,0.0,England
1997-1998,1997,WPBSA Qualifying School - Event 2,1997 WPBSA Qualifying School - Event 2,Professional,Tour Qualifier,0.0,England
1997-1998,1997,WPBSA Qualifying School - Event 3,1997 WPBSA Qualifying School - Event 3,Professional,Tour Qualifier,0.0,England
1997-1998,1997,WPBSA Qualifying School - Event 4,1997 WPBSA Qualifying School - Event 4,Professional,Tour Qualifier,0.0,England
1996-1997,1997,Pontins Professional,1997 Pontins Professional,Professional,Non-ranking,0.0,Wales
1996-1997,1997,World Championship,1997 World Championship,Professional,Ranking,1410150.0,England
1996-1997,1997,British Open,1997 British Open,Professional,Ranking,328100.0,England
1996-1997,1997,Irish Masters,1997 Irish Masters,Professional,Invitational,195000.0,Ireland
1996-1997,1997,Thailand Open,1997 Thailand Open,Professional,Ranking,232000.0,Thailand
1996-1997,1997,Seniors Pot Black,1997 Seniors Pot Black,Professional,Invitational,0.0,England
1996-1997,1997,European Open,1997 European Open,Professional,Ranking,321760.0,Malta
1996-1997,1997,International Open,1997 International Open,Professional,Ranking,330000.0,Scotland
1996-1997,1997,Masters,1997 Masters,Professional,Invitational,500000.0,England
1996-1997,1997,Welsh Open,1997 Welsh Open,Professional,Ranking,215080.0,Wales
1996-1997,1997,Charity Challenge,1997 Charity Challenge,Professional,Invitational,130000.0,England
1998-1999,1998,Irish Open,1998 Irish Open,Professional,Ranking,297860.0,Ireland
1998-1999,1998,German Masters,1998 German Masters,Professional,Invitational,110000.0,Germany
1998-1999,1998,Malta Grand Prix,1998 Malta Grand Prix,Professional,Invitational,20000.0,Malta
1998-1999,1998,UK Championship,1998 UK Championship,Professional,Ranking,452670.0,England
1998-1999,1998,Benson and Hedges Championship,1998 Benson and Hedges Championship,Professional,Non-ranking,32750.0,England
1998-1999,1998,Merseyside Professional,1998 Merseyside Professional,Professional,Non-ranking,0.0,England
1998-1999,1998,UK Tour - Event 2,1998 UK Tour - Event 2,Professional,Tour Qualifier,33400.0,England
1998-1999,1998,Grand Prix,1998 Grand Prix,Professional,Ranking,365000.0,England
1998-1999,1998,UK Tour - Event 1,1998 UK Tour - Event 1,Professional,Tour Qualifier,33400.0,England
1998-1999,1998,Scottish Masters,1998 Scottish Masters,Professional,Invitational,175400.0,Scotland
1997-1998,1998,Champions Super League,1998 Champions Super League,Professional,Invitational,27250.0,China
1997-1998,1998,Pontins Professional,1998 Pontins Professional,Professional,Non-ranking,3500.0,Wales
1997-1998,1998,World Championship,1998 World Championship,Professional,Ranking,1335000.0,England
1997-1998,1998,British Open,1998 British Open,Professional,Ranking,348800.0,England
1997-1998,1998,Africa/Middle East Tour Qualifier,1998 Africa/Middle East Tour Qualifier,Professional,Tour Qualifier,0.0,Egypt
1997-1998,1998,Asian Tour Qualifier - Event 1,1998 Asian Tour Qualifier - Event 1,Professional,Tour Qualifier,0.0,China
1997-1998,1998,Irish Masters,1998 Irish Masters,Professional,Invitational,135297.0,Ireland
1997-1998,1998,Thailand Masters,1998 Thailand Masters,Professional,Ranking,279200.0,Thailand
1997-1998,1998,Charity Challenge,1998 Charity Challenge,Professional,Invitational,130000.0,England
1997-1998,1998,Scottish Open,1998 Scottish Open,Professional,Ranking,347800.0,Scotland
1997-1998,1998,Masters,1998 Masters,Professional,Invitational,535000.0,England
1997-1998,1998,Welsh Open,1998 Welsh Open,Professional,Ranking,347600.0,Wales
1997-1998,1998,UK Tour - Event 1,1998 UK Tour - Event 1,Professional,Tour Qualifier,39800.0,England
1997-1998,1998,UK Tour - Event 2,1998 UK Tour - Event 2,Professional,Tour Qualifier,39600.0,England
1997-1998,1998,UK Tour - Event 3,1998 UK Tour - Event 3,Professional,Tour Qualifier,39200.0,England
1997-1998,1998,UK Tour - Event 4,1998 UK Tour - Event 4,Professional,Tour Qualifier,39000.0,England
1997-1998,1998,UK Tour - Event 5,1998 UK Tour - Event 5,Professional,Tour Qualifier,39600.0,England
1999-2000,1999,China Open,1999 China Open,Professional,Ranking,296905.0,China
1999-2000,1999,UK Championship,1999 UK Championship,Professional,Ranking,495350.0,England
1999-2000,1999,Merseyside Professional,1999 Merseyside Professional,Professional,Non-ranking,0.0,England
1999-2000,1999,Benson and Hedges Championship,1999 Benson and Hedges Championship,Professional,Non-ranking,37850.0,England
1999-2000,1999,Grand Prix,1999 Grand Prix,Professional,Ranking,392150.0,England
1999-2000,1999,UK Tour - Event 1,1999 UK Tour - Event 1,Professional,Tour Qualifier,27900.0,England
1999-2000,1999,Scottish Masters,1999 Scottish Masters,Professional,Invitational,181900.0,Scotland
1999-2000,1999,British Open,1999 British Open,Professional,Ranking,399200.0,England
1999-2000,1999,Champions Cup,1999 Champions Cup,Professional,Invitational,175000.0,England
1999-2000,1999,Millennium Cup,1999 Millennium Cup,Professional,Invitational,0.0,Hong Kong
1998-1999,1999,Pontins Professional,1999 Pontins Professional,Professional,Non-ranking,0.0,Wales
1998-1999,1999,World Championship,1999 World Championship,Professional,Ranking,1379600.0,England
1998-1999,1999,UK Tour - Event 4,1999 UK Tour - Event 4,Professional,Tour Qualifier,33400.0,England
1998-1999,1999,British Open,1999 British Open,Professional,Ranking,365275.0,England
1998-1999,1999,Irish Masters,1999 Irish Masters,Professional,Invitational,168601.0,Ireland
1998-1999,1999,China International,1999 China International,Professional,Ranking,256250.0,China
1998-1999,1999,Thailand Masters,1999 Thailand Masters,Professional,Ranking,291400.0,Thailand
1998-1999,1999,Charity Challenge,1999 Charity Challenge,Professional,Invitational,130000.0,England
1998-1999,1999,UK Tour - Event 3,1999 UK Tour - Event 3,Professional,Tour Qualifier,33400.0,England
1998-1999,1999,Scottish Open,1999 Scottish Open,Professional,Ranking,360175.0,Scotland
1998-1999,1999,Masters,1999 Masters,Professional,Invitational,575000.0,England
1998-1999,1999,Welsh Open,1999 Welsh Open,Professional,Ranking,382900.0,Wales
2000-2001,2000,Challenge Tour - Event 2,2000 Challenge Tour - Event 2,Professional,Tour Qualifier,31800.0,England
2000-2001,2000,China Open,2000 China Open,Professional,Ranking,311080.0,China
2000-2001,2000,UK Championship,2000 UK Championship,Professional,Ranking,542780.0,England
2000-2001,2000,Benson and Hedges Championship,2000 Benson and Hedges Championship,Professional,Non-ranking,38850.0,England
2000-2001,2000,Merseyside Professional,2000 Merseyside Professional,Professional,Non-ranking,0.0,England
2000-2001,2000,Challenge Tour - Event 1,2000 Challenge Tour - Event 1,Professional,Tour Qualifier,32150.0,England
2000-2001,2000,Scottish Masters,2000 Scottish Masters,Professional,Invitational,193000.0,Scotland
2000-2001,2000,Grand Prix,2000 Grand Prix,Professional,Ranking,426350.0,England
2000-2001,2000,British Open,2000 British Open,Professional,Ranking,438300.0,England
2000-2001,2000,Champions Cup,2000 Champions Cup,Professional,Invitational,200000.0,England
1999-2000,2000,Pontins Professional,2000 Pontins Professional,Professional,Non-ranking,0.0,Wales
1999-2000,2000,World Championship,2000 World Championship,Professional,Ranking,1456150.0,England
1999-2000,2000,UK Tour - Event 4,2000 UK Tour - Event 4,Professional,Tour Qualifier,27900.0,England
1999-2000,2000,Scottish Open,2000 Scottish Open,Professional,Ranking,397600.0,Scotland
1999-2000,2000,Irish Masters,2000 Irish Masters,Professional,Invitational,166811.0,Ireland
1999-2000,2000,UK Tour - Event 3,2000 UK Tour - Event 3,Professional,Tour Qualifier,27900.0,England
1999-2000,2000,Thailand Masters,2000 Thailand Masters,Professional,Ranking,266790.0,Thailand
1999-2000,2000,Malta Grand Prix,2000 Malta Grand Prix,Professional,Ranking,290220.0,Malta
1999-2000,2000,Masters,2000 Masters,Professional,Invitational,615000.0,England
1999-2000,2000,Welsh Open,2000 Welsh Open,Professional,Ranking,401250.0,Wales
1999-2000,2000,UK Tour - Event 2,2000 UK Tour - Event 2,Professional,Tour Qualifier,27900.0,England
2001-2002,2001,Challenge Tour - Event 2,2001 Challenge Tour - Event 2,Professional,Tour Qualifier,18900.0,England
2001-2002,2001,UK Championship,2001 UK Championship,Professional,Ranking,755250.0,England
2001-2002,2001,WSA Open Tour - Event 2,2001 WSA Open Tour - Event 2,Professional,Non-ranking,12500.0,Scotland
2001-2002,2001,European Open,2001 European Open,Professional,Ranking,250000.0,Malta
2001-2002,2001,Benson and Hedges Championship,2001 Benson and Hedges Championship,Professional,Non-ranking,41700.0,England
2001-2002,2001,Merseyside Professional,2001 Merseyside Professional,Professional,Non-ranking,0.0,England
2001-2002,2001,LG Cup,2001 LG Cup,Professional,Ranking,617200.0,England
2001-2002,2001,Challenge Tour - Event 1,2001 Challenge Tour - Event 1,Professional,Tour Qualifier,14300.0,England
2001-2002,2001,British Open,2001 British Open,Professional,Ranking,670250.0,England
2001-2002,2001,Scottish Masters,2001 Scottish Masters,Professional,Invitational,187000.0,Scotland
2001-2002,2001,WSA Open Tour - Event 1,2001 WSA Open Tour - Event 1,Professional,Non-ranking,12500.0,England
2001-2002,2001,Champions Cup,2001 Champions Cup,Professional,Invitational,200000.0,England
2000-2001,2001,World Championship,2001 World Championship,Professional,Ranking,1532000.0,England
2000-2001,2001,Scottish Open,2001 Scottish Open,Professional,Ranking,438050.0,Scotland
2000-2001,2001,Challenge Tour - Event 4,2001 Challenge Tour - Event 4,Professional,Tour Qualifier,32150.0,England
2000-2001,2001,Irish Masters,2001 Irish Masters,Professional,Invitational,153340.0,Ireland
2000-2001,2001,Thailand Masters,2001 Thailand Masters,Professional,Ranking,282000.0,Thailand
2000-2001,2001,Challenge Tour - Event 3,2001 Challenge Tour - Event 3,Professional,Tour Qualifier,18300.0,England
2000-2001,2001,Malta Grand Prix,2001 Malta Grand Prix,Professional,Invitational,36000.0,Malta
2000-2001,2001,Masters,2001 Masters,Professional,Invitational,650000.0,England
2000-2001,2001,Welsh Open,2001 Welsh Open,Professional,Ranking,440200.0,Wales
2002-2003,2002,UK Championship,2002 UK Championship,Professional,Ranking,613550.0,England
2002-2003,2002,WSA Open Tour - Event 1,2002 WSA Open Tour - Event 1,Professional,Non-ranking,4000.0,England
2002-2003,2002,British Open,2002 British Open,Professional,Ranking,450000.0,England
2002-2003,2002,Challenge Tour - Event 1,2002 Challenge Tour - Event 1,Professional,Tour Qualifier,20300.0,England
2002-2003,2002,Merseyside Professional,2002 Merseyside Professional,Professional,Non-ranking,0.0,England
2002-2003,2002,Benson and Hedges Championship,2002 Benson and Hedges Championship,Professional,Non-ranking,44900.0,England
2002-2003,2002,LG Cup,2002 LG Cup,Professional,Ranking,597200.0,England
2002-2003,2002,Scottish Masters,2002 Scottish Masters,Professional,Invitational,192000.0,Scotland
2001-2002,2002,WSA Open Tour - Event 6,2002 WSA Open Tour - Event 6,Professional,Non-ranking,9300.0,Wales
2001-2002,2002,World Championship,2002 World Championship,Professional,Ranking,1614585.0,England
2001-2002,2002,Scottish Open,2002 Scottish Open,Professional,Ranking,597200.0,Scotland
2001-2002,2002,WSA Open Tour - Event 5,2002 WSA Open Tour - Event 5,Professional,Non-ranking,12500.0,England
2001-2002,2002,Irish Masters,2002 Irish Masters,Professional,Invitational,164500.0,Ireland
2001-2002,2002,Challenge Tour - Event 4,2002 Challenge Tour - Event 4,Professional,Tour Qualifier,24650.0,England
2001-2002,2002,Thailand Masters,2002 Thailand Masters,Professional,Ranking,477900.0,Thailand
2001-2002,2002,WSA Open Tour - Event 4,2002 WSA Open Tour - Event 4,Professional,Non-ranking,12500.0,England
2001-2002,2002,China Open,2002 China Open,Professional,Ranking,450800.0,China
2001-2002,2002,Masters,2002 Masters,Professional,Invitational,695000.0,England
2001-2002,2002,WSA Open Tour - Event 3,2002 WSA Open Tour - Event 3,Professional,Non-ranking,12500.0,England
2001-2002,2002,Welsh Open,2002 Welsh Open,Professional,Ranking,597200.0,Wales
2001-2002,2002,Challenge Tour - Event 3,2002 Challenge Tour - Event 3,Professional,Tour Qualifier,23900.0,England
2003-2004,2003,Masters Qualifying Event,2003 Masters Qualifying Event,Professional,Non-ranking,36600.0,Wales
2003-2004,2003,Challenge Tour - Event 2,2003 Challenge Tour - Event 2,Professional,Tour Qualifier,20300.0,Wales
2003-2004,2003,UK Championship,2003 UK Championship,Professional,Ranking,615000.0,England
2003-2004,2003,British Open,2003 British Open,Professional,Ranking,470000.0,England
2003-2004,2003,Merseyside Professional,2003 Merseyside Professional,Professional,Non-ranking,0.0,England
2003-2004,2003,LG Cup,2003 LG Cup,Professional,Ranking,617200.0,England
2003-2004,2003,Challenge Tour - Event 1,2003 Challenge Tour - Event 1,Professional,Tour Qualifier,22300.0,Wales
2002-2003,2003,Challenge Tour - Event 4,2003 Challenge Tour - Event 4,Professional,Tour Qualifier,20200.0,Wales
2002-2003,2003,World Championship,2003 World Championship,Professional,Ranking,1815250.0,England
2002-2003,2003,Scottish Open,2003 Scottish Open,Professional,Ranking,597200.0,Scotland
2002-2003,2003,WSA Open Tour - Event 4,2003 WSA Open Tour - Event 4,Professional,Non-ranking,3810.0,England
2002-2003,2003,Irish Masters,2003 Irish Masters,Professional,Ranking,399680.0,Ireland
2002-2003,2003,Challenge Tour - Event 3,2003 Challenge Tour - Event 3,Professional,Tour Qualifier,20200.0,England
2002-2003,2003,European Open,2003 European Open,Professional,Ranking,250000.0,England
2002-2003,2003,WSA Open Tour - Event 3,2003 WSA Open Tour - Event 3,Professional,Non-ranking,3880.0,England
2002-2003,2003,Challenge Tour - Event 2,2003 Challenge Tour - Event 2,Professional,Tour Qualifier,20800.0,England
2002-2003,2003,Masters,2003 Masters,Professional,Invitational,750000.0,England
2002-2003,2003,WSA Open Tour - Event 2,2003 WSA Open Tour - Event 2,Professional,Non-ranking,1700.0,England
2002-2003,2003,Welsh Open,2003 Welsh Open,Professional,Ranking,597200.0,Wales
2004-2005,2004,Challenge Tour - Event 2,2004 Challenge Tour - Event 2,Professional,Tour Qualifier,20300.0,Wales
2004-2005,2004,UK Championship,2004 UK Championship,Professional,Ranking,525000.0,England
2004-2005,2004,British Open,2004 British Open,Professional,Ranking,200000.0,England
2004-2005,2004,Merseyside Professional,2004 Merseyside Professional,Professional,Non-ranking,0.0,England
2004-2005,2004,Grand Prix,2004 Grand Prix,Professional,Ranking,420000.0,England
2004-2005,2004,Challenge Tour - Event 1,2004 Challenge Tour - Event 1,Professional,Tour Qualifier,20200.0,Wales
2003-2004,2004,Challenge Tour - Event 4,2004 Challenge Tour - Event 4,Professional,Tour Qualifier,20300.0,Wales
2003-2004,2004,World Championship,2004 World Championship,Professional,Ranking,1371720.0,England
2003-2004,2004,Players Championship,2004 Players Championship,Professional,Ranking,584000.0,Scotland
2003-2004,2004,Irish Masters,2004 Irish Masters,Professional,Ranking,396800.0,Ireland
2003-2004,2004,European Open,2004 European Open,Professional,Ranking,400800.0,Malta
2003-2004,2004,Challenge Tour - Event 3,2004 Challenge Tour - Event 3,Professional,Tour Qualifier,20300.0,Wales
2003-2004,2004,Masters,2004 Masters,Professional,Invitational,350000.0,England
2003-2004,2004,Welsh Open,2004 Welsh Open,Professional,Ranking,446100.0,Wales
2005-2006,2005,UK Championship,2005 UK Championship,Professional,Ranking,495875.0,England
2005-2006,2005,PIOS - Event 5,2005 PIOS - Event 5,Professional,Tour Qualifier,8165.0,Wales
2005-2006,2005,Masters Qualifying Event,2005 Masters Qualifying Event,Professional,Non-ranking,1600.0,Wales
2005-2006,2005,Pot Black,2005 Pot Black,Professional,Invitational,38000.0,England
2005-2006,2005,Irish Professional Championship,2005 Irish Professional Championship,Professional,Non-ranking,6122.0,Ireland
2005-2006,2005,PIOS - Event 4,2005 PIOS - Event 4,Professional,Tour Qualifier,16470.0,Wales
2005-2006,2005,Grand Prix,2005 Grand Prix,Professional,Ranking,417000.0,England
2005-2006,2005,PIOS - Event 3,2005 PIOS - Event 3,Professional,Tour Qualifier,16575.0,Wales
2005-2006,2005,Northern Ireland Trophy,2005 Northern Ireland Trophy,Professional,Invitational,104000.0,Northern Ireland
2005-2006,2005,PIOS - Event 2,2005 PIOS - Event 2,Professional,Tour Qualifier,12960.0,Wales
2005-2006,2005,PIOS - Event 1,2005 PIOS - Event 1,Professional,Tour Qualifier,13056.0,Wales
2004-2005,2005,World Championship,2005 World Championship,Professional,Ranking,1263800.0,England
2004-2005,2005,Challenge Tour - Event 4,2005 Challenge Tour - Event 4,Professional,Tour Qualifier,16930.0,Wales
2004-2005,2005,China Open,2005 China Open,Professional,Ranking,173000.0,China
2004-2005,2005,Challenge Tour - Event 3,2005 Challenge Tour - Event 3,Professional,Tour Qualifier,17100.0,Wales
2004-2005,2005,Irish Masters,2005 Irish Masters,Professional,Ranking,250000.0,Ireland
2004-2005,2005,Masters,2005 Masters,Professional,Invitational,400000.0,England
2004-2005,2005,Malta Cup,2005 Malta Cup,Professional,Ranking,197500.0,Malta
2004-2005,2005,Welsh Open,2005 Welsh Open,Professional,Ranking,225000.0,Wales
2006-2007,2006,UK Championship,2006 UK Championship,Professional,Ranking,548000.0,England
2006-2007,2006,PIOS - Event 3,2006 PIOS - Event 3,Professional,Tour Qualifier,11208.0,Wales
2006-2007,2006,Masters Qualifying Event,2006 Masters Qualifying Event,Professional,Non-ranking,1600.0,England
2006-2007,2006,Grand Prix,2006 Grand Prix,Professional,Ranking,455750.0,Scotland
2006-2007,2006,PIOS - Event 2,2006 PIOS - Event 2,Professional,Tour Qualifier,11138.0,Wales
2006-2007,2006,Irish Professional Championship,2006 Irish Professional Championship,Professional,Non-ranking,4730.0,Ireland
2006-2007,2006,PIOS - Event 1,2006 PIOS - Event 1,Professional,Tour Qualifier,11208.0,Wales
2006-2007,2006,Pot Black,2006 Pot Black,Professional,Invitational,40000.0,England
2006-2007,2006,Northern Ireland Trophy,2006 Northern Ireland Trophy,Professional,Ranking,198500.0,Northern Ireland
2005-2006,2006,PIOS - Event 8,2006 PIOS - Event 8,Professional,Tour Qualifier,4690.0,Wales
2005-2006,2006,World Championship,2006 World Championship,Professional,Ranking,901240.0,England
2005-2006,2006,China Open,2006 China Open,Professional,Ranking,197250.0,China
2005-2006,2006,PIOS - Event 7,2006 PIOS - Event 7,Professional,Tour Qualifier,7205.0,Wales
2005-2006,2006,Welsh Open,2006 Welsh Open,Professional,Ranking,223275.0,Wales
2005-2006,2006,PIOS - Event 6,2006 PIOS - Event 6,Professional,Tour Qualifier,2475.0,Wales
2005-2006,2006,Malta Cup,2006 Malta Cup,Professional,Ranking,118500.0,Malta
2005-2006,2006,Masters,2006 Masters,Professional,Invitational,415000.0,England
2007-2008,2007,PIOS - Event 5,2007 PIOS - Event 5,Professional,Tour Qualifier,13280.0,Wales
2007-2008,2007,UK Championship,2007 UK Championship,Professional,Ranking,615400.0,England
2007-2008,2007,Northern Ireland Trophy,2007 Northern Ireland Trophy,Professional,Ranking,220500.0,Northern Ireland
2007-2008,2007,PIOS - Event 4,2007 PIOS - Event 4,Professional,Tour Qualifier,13205.0,Wales
2007-2008,2007,Grand Prix,2007 Grand Prix,Professional,Ranking,491100.0,Scotland
2007-2008,2007,Pot Black,2007 Pot Black,Professional,Invitational,40000.0,England
2007-2008,2007,Irish Professional Championship,2007 Irish Professional Championship,Professional,Non-ranking,11539.0,Ireland
2007-2008,2007,PIOS - Event 3,2007 PIOS - Event 3,Professional,Tour Qualifier,13205.0,Wales
2007-2008,2007,Masters Qualifying Event,2007 Masters Qualifying Event,Professional,Non-ranking,1600.0,England
2007-2008,2007,Shanghai Masters,2007 Shanghai Masters,Professional,Ranking,250000.0,China
2007-2008,2007,PIOS - Event 2,2007 PIOS - Event 2,Professional,Tour Qualifier,13280.0,Wales
2007-2008,2007,PIOS - Event 1,2007 PIOS - Event 1,Professional,Tour Qualifier,13280.0,Wales
2006-2007,2007,PIOS - Event 8,2007 PIOS - Event 8,Professional,Tour Qualifier,10613.0,Wales
2006-2007,2007,World Championship,2007 World Championship,Professional,Ranking,985000.0,England
2006-2007,2007,PIOS - Event 7,2007 PIOS - Event 7,Professional,Tour Qualifier,10928.0,Wales
2006-2007,2007,China Open,2007 China Open,Professional,Ranking,222750.0,China
2006-2007,2007,PIOS - Event 6,2007 PIOS - Event 6,Professional,Tour Qualifier,10998.0,Wales
2006-2007,2007,Welsh Open,2007 Welsh Open,Professional,Ranking,245500.0,Wales
2006-2007,2007,PIOS - Event 5,2007 PIOS - Event 5,Professional,Tour Qualifier,11138.0,Wales
2006-2007,2007,Malta Cup,2007 Malta Cup,Professional,Ranking,200500.0,Malta
2006-2007,2007,Masters,2007 Masters,Professional,Invitational,467000.0,England
2006-2007,2007,PIOS - Event 4,2007 PIOS - Event 4,Professional,Tour Qualifier,11138.0,Wales
2008-2009,2008,UK Championship,2008 UK Championship,Professional,Ranking,650000.0,England
2008-2009,2008,Masters Qualifying Event,2008 Masters Qualifying Event,Professional,Non-ranking,1600.0,England
2008-2009,2008,PIOS - Event 5,2008 PIOS - Event 5,Professional,Tour Qualifier,13205.0,Wales
2008-2009,2008,Bahrain Championship,2008 Bahrain Championship,Professional,Ranking,263525.0,Bahrain
2008-2009,2008,PIOS - Event 4,2008 PIOS - Event 4,Professional,Tour Qualifier,13280.0,Wales
2008-2009,2008,Grand Prix,2008 Grand Prix,Professional,Ranking,494600.0,Scotland
2008-2009,2008,Shanghai Masters,2008 Shanghai Masters,Professional,Ranking,298350.0,China
2008-2009,2008,PIOS - Event 3,2008 PIOS - Event 3,Professional,Tour Qualifier,13280.0,Wales
2008-2009,2008,Northern Ireland Trophy,2008 Northern Ireland Trophy,Professional,Ranking,200500.0,Northern Ireland
2008-2009,2008,PIOS - Event 2,2008 PIOS - Event 2,Professional,Tour Qualifier,13280.0,Wales
2008-2009,2008,6-Reds International,2008 6-Reds International,Professional,6-reds,0.0,Thailand
2008-2009,2008,PIOS - Event 1,2008 PIOS - Event 1,Professional,Tour Qualifier,13280.0,Wales
2008-2009,2008,Jiangsu Classic,2008 Jiangsu Classic,Professional,Invitational,74000.0,China
2007-2008,2008,World Championship,2008 World Championship,Professional,Ranking,1197000.0,England
2007-2008,2008,PIOS - Event 8,2008 PIOS - Event 8,Professional,Tour Qualifier,12625.0,Wales
2007-2008,2008,China Open,2008 China Open,Professional,Ranking,270000.0,China
2007-2008,2008,PIOS - Event 7,2008 PIOS - Event 7,Professional,Tour Qualifier,13055.0,Wales
2007-2008,2008,Championship League,2008 Championship League,Professional,League,166600.0,England
2007-2008,2008,PIOS - Event 6,2008 PIOS - Event 6,Professional,Tour Qualifier,13130.0,Wales
2007-2008,2008,Welsh Open,2008 Welsh Open,Professional,Ranking,225500.0,Wales
2007-2008,2008,Malta Cup,2008 Malta Cup,Professional,Invitational,76000.0,Malta
2007-2008,2008,Masters,2008 Masters,Professional,Invitational,460000.0,England
2009-2010,2009,PIOS - Event 5,2009 PIOS - Event 5,Professional,Tour Qualifier,10500.0,Wales
2009-2010,2009,UK Championship,2009 UK Championship,Professional,Ranking,625000.0,England
2009-2010,2009,Pro Challenge Series - Event 3,2009 Pro Challenge Series - Event 3,Professional,Non-ranking,15000.0,England
2009-2010,2009,Masters Qualifying Event,2009 Masters Qualifying Event,Professional,Non-ranking,3600.0,Wales
2009-2010,2009,PIOS - Event 4,2009 PIOS - Event 4,Professional,Tour Qualifier,10500.0,Wales
2009-2010,2009,Grand Prix,2009 Grand Prix,Professional,Ranking,502100.0,Scotland
2009-2010,2009,Shanghai Masters,2009 Shanghai Masters,Professional,Ranking,296360.0,China
2009-2010,2009,Pro Challenge Series - Event 2,2009 Pro Challenge Series - Event 2,Professional,6-reds,9500.0,Wales
2009-2010,2009,PIOS - Event 3,2009 PIOS - Event 3,Professional,Tour Qualifier,12000.0,Wales
2009-2010,2009,Pro Challenge Series - Event 1,2009 Pro Challenge Series - Event 1,Professional,Non-ranking,15000.0,England
2009-2010,2009,PIOS - Event 2,2009 PIOS - Event 2,Professional,Tour Qualifier,12100.0,Wales
2009-2010,2009,6-Reds World Grand Prix,2009 6-Reds World Grand Prix,Professional,6-reds,0.0,Thailand
2009-2010,2009,PIOS - Event 1,2009 PIOS - Event 1,Professional,Tour Qualifier,13540.0,Wales
2009-2010,2009,Jiangsu Classic,2009 Jiangsu Classic,Professional,Invitational,88000.0,China
2008-2009,2009,PIOS - Event 8,2009 PIOS - Event 8,Professional,Tour Qualifier,12980.0,Wales
2008-2009,2009,World Championship,2009 World Championship,Professional,Ranking,1258000.0,England
2008-2009,2009,China Open,2009 China Open,Professional,Ranking,267900.0,China
2008-2009,2009,PIOS - Event 7,2009 PIOS - Event 7,Professional,Tour Qualifier,12980.0,Wales
2008-2009,2009,PIOS - Event 6,2009 PIOS - Event 6,Professional,Tour Qualifier,12980.0,Wales
2008-2009,2009,Welsh Open,2009 Welsh Open,Professional,Ranking,225500.0,Wales
2008-2009,2009,Masters,2009 Masters,Professional,Invitational,482000.0,England
2008-2009,2009,Championship League,2009 Championship League,Professional,League,166900.0,England
2010-2011,2010,UK Championship,2010 UK Championship,Professional,Ranking,624500.0,England
2010-2011,2010,EPTC - Event 6,2010 EPTC - Event 6,Professional,Minor Ranking,50000.0,Czech Republic
2010-2011,2010,EPTC - Event 5,2010 EPTC - Event 5,Professional,Minor Ranking,47800.0,Germany
2010-2011,2010,World Seniors Championship,2010 World Seniors Championship,Professional,Invitational,50000.0,England
2010-2011,2010,EPTC - Event 4,2010 EPTC - Event 4,Professional,Minor Ranking,48000.0,England
2010-2011,2010,EPTC - Event 3,2010 EPTC - Event 3,Professional,Minor Ranking,48000.0,Germany
2010-2011,2010,PTC - Event 6,2010 PTC - Event 6,Professional,Minor Ranking,50000.0,England
2010-2011,2010,PTC - Event 5,2010 PTC - Event 5,Professional,Minor Ranking,50000.0,England
2010-2011,2010,EPTC - Event 2,2010 EPTC - Event 2,Professional,Minor Ranking,48000.0,Belgium
2010-2011,2010,World Open,2010 World Open,Professional,Ranking,502000.0,Scotland
2010-2011,2010,Shanghai Masters,2010 Shanghai Masters,Professional,Ranking,318600.0,China
2010-2011,2010,EPTC - Event 1,2010 EPTC - Event 1,Professional,Minor Ranking,47800.0,Germany
2010-2011,2010,PTC - Event 4,2010 PTC - Event 4,Professional,Minor Ranking,50000.0,England
2010-2011,2010,PTC - Event 3,2010 PTC - Event 3,Professional,Minor Ranking,50000.0,England
2010-2011,2010,6-Reds World Championship,2010 6-Reds World Championship,Professional,6-reds,0.0,Thailand
2010-2011,2010,PTC - Event 2,2010 PTC - Event 2,Professional,Minor Ranking,50000.0,England
2010-2011,2010,PTC - Event 1,2010 PTC - Event 1,Professional,Minor Ranking,50000.0,England
2010-2011,2010,Wuxi Classic,2010 Wuxi Classic,Professional,Invitational,55000.0,China
2009-2010,2010,PIOS - Event 8,2010 PIOS - Event 8,Professional,Tour Qualifier,12500.0,Wales
2009-2010,2010,World Championship,2010 World Championship,Professional,Ranking,1111000.0,England
2009-2010,2010,PIOS - Event 7,2010 PIOS - Event 7,Professional,Tour Qualifier,13300.0,Wales
2009-2010,2010,China Open,2010 China Open,Professional,Ranking,318270.0,China
2009-2010,2010,PIOS - Event 6,2010 PIOS - Event 6,Professional,Tour Qualifier,12660.0,Wales
2009-2010,2010,Pro Challenge Series - Event 5,2010 Pro Challenge Series - Event 5,Professional,Non-ranking,5000.0,England
2009-2010,2010,Welsh Open,2010 Welsh Open,Professional,Ranking,222200.0,Wales
2009-2010,2010,Masters,2010 Masters,Professional,Invitational,486000.0,England
2009-2010,2010,Championship League,2010 Championship League,Professional,League,163000.0,England
2011-2012,2011,PTC - Event 11,2011 PTC - Event 11,Professional,Minor Ranking,50500.0,England
2011-2012,2011,UK Championship,2011 UK Championship,Professional,Ranking,625000.0,England
2011-2012,2011,PTC - Event 10,2011 PTC - Event 10,Professional,Minor Ranking,53000.0,England
2011-2012,2011,PTC - Event 9,2011 PTC - Event 9,Professional,Minor Ranking,43000.0,Belgium
2011-2012,2011,World Seniors Championship,2011 World Seniors Championship,Professional,Non-ranking,53000.0,England
2011-2012,2011,PTC - Event 8,2011 PTC - Event 8,Professional,Minor Ranking,43000.0,Ireland
2011-2012,2011,PTC - Event 7,2011 PTC - Event 7,Professional,Minor Ranking,50000.0,England
2011-2012,2011,PTC - Event 6,2011 PTC - Event 6,Professional,Minor Ranking,43085.0,Poland
2011-2012,2011,PTC - Event 5,2011 PTC - Event 5,Professional,Minor Ranking,50000.0,England
2011-2012,2011,Brazil Masters,2011 Brazil Masters,Professional,Invitational,132911.0,Brazil
2011-2012,2011,Shanghai Masters,2011 Shanghai Masters,Professional,Ranking,350000.0,China
2011-2012,2011,PTC - Event 4,2011 PTC - Event 4,Professional,Minor Ranking,43500.0,Germany
2011-2012,2011,PTC - Event 3,2011 PTC - Event 3,Professional,Minor Ranking,50000.0,England
2011-2012,2011,PTC - Event 2,2011 PTC - Event 2,Professional,Minor Ranking,50000.0,England
2011-2012,2011,Australian Open,2011 Australian Open,Professional,Ranking,289000.0,Australia
2011-2012,2011,Wuxi Classic,2011 Wuxi Classic,Professional,Invitational,56000.0,China
2011-2012,2011,PTC - Event 1,2011 PTC - Event 1,Professional,Minor Ranking,50000.0,England
2011-2012,2011,Q School - Event 3,2011 Q School - Event 3,Professional,Tour Qualifier,0.0,England
2011-2012,2011,Q School - Event 2,2011 Q School - Event 2,Professional,Tour Qualifier,0.0,England
2011-2012,2011,Q School - Event 1,2011 Q School - Event 1,Professional,Tour Qualifier,0.0,England
2010-2011,2011,World Championship,2011 World Championship,Professional,Ranking,1111000.0,England
2010-2011,2011,Scottish Professional Championship,2011 Scottish Professional Championship,Professional,Non-ranking,9500.0,Scotland
2010-2011,2011,China Open,2011 China Open,Professional,Ranking,319075.0,China
2010-2011,2011,PTC Grand Final,2011 PTC Grand Final,Professional,Ranking,197500.0,Ireland
2010-2011,2011,Welsh Open,2011 Welsh Open,Professional,Ranking,201500.0,Wales
2010-2011,2011,German Masters,2011 German Masters,Professional,Ranking,227105.0,Germany
2010-2011,2011,Snooker Shootout,2011 Snooker Shootout,Professional,Invitational,129500.0,England
2010-2011,2011,Masters,2011 Masters,Professional,Invitational,500000.0,England
2010-2011,2011,Championship League,2011 Championship League,Professional,League,165800.0,England
2012-2013,2012,European Tour - Event 5,2012 European Tour - Event 5,Professional,Minor Ranking,54752.0,Scotland
2012-2013,2012,UK Championship,2012 UK Championship,Professional,Ranking,637500.0,England
2012-2013,2012,European Tour - Event 4,2012 European Tour - Event 4,Professional,Minor Ranking,56736.0,Bulgaria
2012-2013,2012,PTC - Event 4,2012 PTC - Event 4,Professional,Minor Ranking,50000.0,England
2012-2013,2012,APTC - Event 3,2012 APTC - Event 3,Professional,Minor Ranking,50000.0,China
2012-2013,2012,International Championship,2012 International Championship,Professional,Ranking,575500.0,China
2012-2013,2012,World Seniors Championship,2012 World Seniors Championship,Professional,Non-ranking,50000.0,England
2012-2013,2012,European Tour - Event 3,2012 European Tour - Event 3,Professional,Minor Ranking,54736.0,Belgium
2012-2013,2012,European Tour - Event 2,2012 European Tour - Event 2,Professional,Minor Ranking,54150.0,Poland
2012-2013,2012,APTC - Event 2,2012 APTC - Event 2,Professional,Minor Ranking,50000.0,China
2012-2013,2012,Shanghai Masters,2012 Shanghai Masters,Professional,Ranking,410000.0,China
2012-2013,2012,PTC - Event 3,2012 PTC - Event 3,Professional,Minor Ranking,50000.0,England
2012-2013,2012,European Tour - Event 1,2012 European Tour - Event 1,Professional,Minor Ranking,55926.0,Germany
2012-2013,2012,PTC - Event 2,2012 PTC - Event 2,Professional,Minor Ranking,50000.0,England
2012-2013,2012,PTC - Event 1,2012 PTC - Event 1,Professional,Minor Ranking,50000.0,England
2012-2013,2012,Australian Open,2012 Australian Open,Professional,Ranking,277120.0,Australia
2012-2013,2012,6-Reds World Championship,2012 6-Reds World Championship,Professional,6-reds,122230.0,Thailand
2012-2013,2012,Wuxi Classic,2012 Wuxi Classic,Professional,Ranking,399000.0,China
2012-2013,2012,APTC - Event 1,2012 APTC - Event 1,Professional,Minor Ranking,49800.0,China
2012-2013,2012,Q School - Event 3,2012 Q School - Event 3,Professional,Tour Qualifier,0.0,England
2012-2013,2012,Q School - Event 2,2012 Q School - Event 2,Professional,Tour Qualifier,0.0,England
2012-2013,2012,Q School - Event 1,2012 Q School - Event 1,Professional,Tour Qualifier,0.0,England
2011-2012,2012,World Championship,2012 World Championship,Professional,Ranking,1152500.0,England
2011-2012,2012,China Open,2012 China Open,Professional,Ranking,398500.0,China
2011-2012,2012,PTC Grand Final,2012 PTC Grand Final,Professional,Ranking,242000.0,Ireland
2011-2012,2012,World Open,2012 World Open,Professional,Ranking,387300.0,China
2011-2012,2012,Welsh Open,2012 Welsh Open,Professional,Ranking,201500.0,Wales
2011-2012,2012,German Masters,2012 German Masters,Professional,Ranking,235003.0,Germany
2011-2012,2012,Snooker Shootout,2012 Snooker Shootout,Professional,Invitational,130000.0,England
2011-2012,2012,Masters,2012 Masters,Professional,Invitational,500000.0,England
2011-2012,2012,Championship League,2012 Championship League,Professional,League,180100.0,England
2011-2012,2012,PTC - Event 12,2012 PTC - Event 12,Professional,Minor Ranking,50500.0,Germany
2013-2014,2013,UK Championship,2013 UK Championship,Professional,Ranking,755000.0,England
2013-2014,2013,Champion of Champions,2013 Champion of Champions,Professional,Invitational,270000.0,England
2013-2014,2013,European Tour - Event 7,2013 European Tour - Event 7,Professional,Minor Ranking,107657.0,Belgium
2013-2014,2013,European Tour - Event 6,2013 European Tour - Event 6,Professional,Minor Ranking,100400.0,England
2013-2014,2013,International Championship,2013 International Championship,Professional,Ranking,615000.0,China
2013-2014,2013,Asian Tour - Event 3,2013 Asian Tour - Event 3,Professional,Minor Ranking,49800.0,China
2013-2014,2013,World Seniors Championship,2013 World Seniors Championship,Professional,Non-ranking,50000.0,England
2013-2014,2013,Indian Open,2013 Indian Open,Professional,Ranking,300000.0,India
2013-2014,2013,European Tour - Event 5,2013 European Tour - Event 5,Professional,Minor Ranking,104157.0,Germany
2013-2014,2013,Asian Tour - Event 2,2013 Asian Tour - Event 2,Professional,Minor Ranking,49600.0,China
2013-2014,2013,Shanghai Masters,2013 Shanghai Masters,Professional,Ranking,423000.0,China
2013-2014,2013,6-Reds World Championship,2013 6-Reds World Championship,Professional,6-reds,120000.0,Thailand
2013-2014,2013,European Tour - Event 4,2013 European Tour - Event 4,Professional,Minor Ranking,104157.0,Germany
2013-2014,2013,European Tour - Event 3,2013 European Tour - Event 3,Professional,Minor Ranking,100400.0,England
2013-2014,2013,European Tour - Event 2,2013 European Tour - Event 2,Professional,Minor Ranking,104157.0,Netherlands
2013-2014,2013,Australian Open,2013 Australian Open,Professional,Ranking,273398.0,Australia
2013-2014,2013,Wuxi Classic,2013 Wuxi Classic,Professional,Ranking,474000.0,China
2013-2014,2013,Asian Tour - Event 1,2013 Asian Tour - Event 1,Professional,Minor Ranking,50000.0,China
2013-2014,2013,European Tour - Event 1,2013 European Tour - Event 1,Professional,Minor Ranking,104157.0,Bulgaria
2013-2014,2013,Q School - Event 3,2013 Q School - Event 3,Professional,Tour Qualifier,0.0,England
2013-2014,2013,Q School - Event 2,2013 Q School - Event 2,Professional,Tour Qualifier,0.0,England
2013-2014,2013,Q School - Event 1,2013 Q School - Event 1,Professional,Tour Qualifier,0.0,England
2012-2013,2013,World Championship,2013 World Championship,Professional,Ranking,1111000.0,England
2012-2013,2013,China Open,2013 China Open,Professional,Ranking,431000.0,China
2012-2013,2013,PTC Grand Final,2013 PTC Grand Final,Professional,Ranking,301000.0,Ireland
2012-2013,2013,World Open,2013 World Open,Professional,Ranking,419000.0,China
2012-2013,2013,Welsh Open,2013 Welsh Open,Professional,Ranking,244000.0,Wales
2012-2013,2013,German Masters,2013 German Masters,Professional,Ranking,289739.0,Germany
2012-2013,2013,Snooker Shootout,2013 Snooker Shootout,Professional,Invitational,130000.0,England
2012-2013,2013,Masters,2013 Masters,Professional,Invitational,500000.0,England
2012-2013,2013,Championship League,2013 Championship League,Professional,League,177301.0,England
2012-2013,2013,European Tour - Event 6,2013 European Tour - Event 6,Professional,Minor Ranking,70000.0,Germany
2014-2015,2014,European Tour - Event 5,2014 European Tour - Event 5,Professional,Minor Ranking,104657.0,Portugal
2014-2015,2014,UK Championship,2014 UK Championship,Professional,Ranking,740000.0,England
2014-2015,2014,European Tour - Event 4,2014 European Tour - Event 4,Professional,Minor Ranking,105157.0,Germany
2014-2015,2014,Champion of Champions,2014 Champion of Champions,Professional,Invitational,270000.0,England
2014-2015,2014,International Championship,2014 International Championship,Professional,Ranking,628000.0,China
2014-2015,2014,Asian Tour - Event 2,2014 Asian Tour - Event 2,Professional,Minor Ranking,51000.0,China
2014-2015,2014,European Tour - Event 3,2014 European Tour - Event 3,Professional,Minor Ranking,104157.0,Bulgaria
2014-2015,2014,Shanghai Masters,2014 Shanghai Masters,Professional,Ranking,456000.0,China
2014-2015,2014,6-Reds World Championship,2014 6-Reds World Championship,Professional,6-reds,159375.0,Thailand
2014-2015,2014,European Tour - Event 2,2014 European Tour - Event 2,Professional,Minor Ranking,105657.0,Germany
2014-2015,2014,European Tour - Event 1,2014 European Tour - Event 1,Professional,Minor Ranking,104157.0,Latvia
2014-2015,2014,Australian Open,2014 Australian Open,Professional,Ranking,277443.0,Australia
2014-2015,2014,Wuxi Classic,2014 Wuxi Classic,Professional,Ranking,466500.0,China
2014-2015,2014,Asian Tour - Event 1,2014 Asian Tour - Event 1,Professional,Minor Ranking,50000.0,China
2014-2015,2014,Q School - Event 2,2014 Q School - Event 2,Professional,Tour Qualifier,0.0,England
2014-2015,2014,Q School - Event 1,2014 Q School - Event 1,Professional,Tour Qualifier,0.0,England
2013-2014,2014,World Championship,2014 World Championship,Professional,Ranking,1214000.0,England
2013/2014,2014,EBSA Qualifying Tour - Play-offs,2014 EBSA Qualifying Tour - Play-offs,Professional,Tour Qualifier,0.0,England
2013-2014,2014,China Open,2014 China Open,Professional,Ranking,479000.0,China
2013-2014,2014,Players Championship Grand Final,2014 Players Championship Grand Final,Professional,Ranking,300000.0,England
2013-2014,2014,World Open,2014 World Open,Professional,Ranking,479000.0,China
2013-2014,2014,Asian Tour - Event 4,2014 Asian Tour - Event 4,Professional,Minor Ranking,50000.0,China
2013-2014,2014,Welsh Open,2014 Welsh Open,Professional,Ranking,310000.0,Wales
2013-2014,2014,European Tour - Event 8,2014 European Tour - Event 8,Professional,Minor Ranking,104657.0,Poland
2013-2014,2014,German Masters,2014 German Masters,Professional,Ranking,281669.0,Germany
2013-2014,2014,Snooker Shootout,2014 Snooker Shootout,Professional,Invitational,129500.0,England
2013-2014,2014,Masters,2014 Masters,Professional,Invitational,600000.0,England
2013-2014,2014,Championship League,2014 Championship League,Professional,League,178300.0,England
2015-2016,2015,European Tour - Event 5,2015 European Tour - Event 5,Professional,Minor Ranking,97250.0,Gibraltar
2015-2016,2015,UK Championship,2015 UK Championship,Professional,Ranking,772000.0,England
2015-2016,2015,Champion of Champions,2015 Champion of Champions,Professional,Invitational,300000.0,England
2015-2016,2015,European Tour - Event 4,2015 European Tour - Event 4,Professional,Minor Ranking,93750.0,Bulgaria
2015-2016,2015,International Championship,2015 International Championship,Professional,Ranking,660000.0,China
2015-2016,2015,Asian Tour - Event 1,2015 Asian Tour - Event 1,Professional,Minor Ranking,70000.0,China
2015-2016,2015,European Tour - Event 3,2015 European Tour - Event 3,Professional,Minor Ranking,93750.0,Germany
2015-2016,2015,Shanghai Masters,2015 Shanghai Masters,Professional,Ranking,453200.0,China
2015-2016,2015,6-Reds World Championship,2015 6-Reds World Championship,Professional,6-reds,143992.0,Thailand
2015-2016,2015,European Tour - Event 2,2015 European Tour - Event 2,Professional,Minor Ranking,93750.0,Germany
2015-2016,2015,European Tour - Event 1,2015 European Tour - Event 1,Professional,Minor Ranking,93750.0,Latvia
2015-2016,2015,Australian Open,2015 Australian Open,Professional,Ranking,261145.0,Australia
2015-2016,2015,Q School - Event 2,2015 Q School - Event 2,Professional,Tour Qualifier,0.0,England
2015-2016,2015,Q School - Event 1,2015 Q School - Event 1,Professional,Tour Qualifier,0.0,England
2014-2015,2015,World Championship,2015 World Championship,Professional,Ranking,1364000.0,England
2014-2015,2015,EBSA Amateur Play Offs,2015 EBSA Amateur Play Offs,Professional,Tour Qualifier,0.0,England
2014-2015,2015,China Open,2015 China Open,Professional,Ranking,478000.0,China
2014-2015,2015,Players Championship Grand Final,2015 Players Championship Grand Final,Professional,Ranking,348000.0,Thailand
2014-2015,2015,World Grand Prix,2015 World Grand Prix,Professional,Invitational,300000.0,Wales
2014-2015,2015,Indian Open,2015 Indian Open,Professional,Ranking,296000.0,India
2013-2014,2015,Snooker Shootout,2015 Snooker Shootout,Professional,Invitational,130000.0,England
2014-2015,2015,World Seniors Championship,2015 World Seniors Championship,Professional,Non-ranking,50000.0,England
2014-2015,2015,European Tour - Event 6,2015 European Tour - Event 6,Professional,Minor Ranking,104157.0,Poland
2014-2015,2015,Welsh Open,2015 Welsh Open,Professional,Ranking,300000.0,Wales
2014-2015,2015,German Masters,2015 German Masters,Professional,Ranking,283844.0,Germany
2014-2015,2015,Asian Tour - Event 3,2015 Asian Tour - Event 3,Professional,Minor Ranking,50000.0,China
2014-2015,2015,Masters,2015 Masters,Professional,Invitational,600000.0,England
2014-2015,2015,Championship League,2015 Championship League,Professional,League,180300.0,England
2016-2017,2016,Scottish Open,2016 Scottish Open,Professional,Ranking,366000.0,Scotland
2016-2017,2016,UK Championship,2016 UK Championship,Professional,Ranking,855000.0,England
2016-2017,2016,Northern Ireland Open,2016 Northern Ireland Open,Professional,Ranking,364000.0,Northern Ireland
2016-2017,2016,Champion of Champions,2016 Champion of Champions,Professional,Invitational,300000.0,England
2016-2017,2016,China Championship,2016 China Championship,Professional,Invitational,650000.0,China
2016-2017,2016,International Championship,2016 International Championship,Professional,Ranking,672000.0,China
2016-2017,2016,English Open,2016 English Open,Professional,Ranking,376000.0,England
2016-2017,2016,European Masters,2016 European Masters,Professional,Ranking,274934.0,Romania
2016-2017,2016,Shanghai Masters,2016 Shanghai Masters,Professional,Ranking,476200.0,China
2016-2017,2016,6-Reds World Championship,2016 6-Reds World Championship,Professional,6-reds,133000.0,Thailand
2016-2017,2016,Paul Hunter Classic,2016 Paul Hunter Classic,Professional,Ranking,134275.0,Germany
2016-2017,2016,World Open,2016 World Open,Professional,Ranking,544000.0,China
2016-2017,2016,Indian Open,2016 Indian Open,Professional,Ranking,300000.0,India
2016-2017,2016,Riga Masters,2016 Riga Masters,Professional,Ranking,138754.0,Latvia
2016-2017,2016,Q School - Event 2,2016 Q School - Event 2,Professional,Tour Qualifier,0.0,England
2016-2017,2016,Q School - Event 1,2016 Q School - Event 1,Professional,Tour Qualifier,0.0,England
2015-2016,2016,World Championship,2016 World Championship,Professional,Ranking,1499100.0,England
2015-2016,2016,EBSA Amateur Play Offs,2016 EBSA Amateur Play Offs,Professional,Tour Qualifier,0.0,England
2015-2016,2016,China Open,2016 China Open,Professional,Ranking,542500.0,China
2015-2016,2016,Players Championship Grand Final,2016 Players Championship Grand Final,Professional,Ranking,350000.0,England
2015-2016,2016,World Grand Prix,2016 World Grand Prix,Professional,Ranking,295000.0,Wales
2015-2016,2016,European Tour - Event 6,2016 European Tour - Event 6,Professional,Minor Ranking,93750.0,Poland
2015-2016,2016,Welsh Open,2016 Welsh Open,Professional,Ranking,334000.0,Wales
2015-2016,2016,Snooker Shootout,2016 Snooker Shootout,Professional,Invitational,128000.0,England
2015-2016,2016,German Masters,2016 German Masters,Professional,Ranking,275250.0,Germany
2015-2016,2016,World Seniors Championship,2016 World Seniors Championship,Professional,Non-ranking,50000.0,England
2015-2016,2016,Masters,2016 Masters,Professional,Invitational,600000.0,England
2015-2016,2016,Championship League,2016 Championship League,Professional,League,183400.0,England
2017-2018,2017,Scottish Open,2017 Scottish Open,Professional,Ranking,386000.0,Scotland
2017-2018,2017,UK Championship,2017 UK Championship,Professional,Ranking,850000.0,England
2017-2018,2017,Northern Ireland Open,2017 Northern Ireland Open,Professional,Ranking,366000.0,Northern Ireland
2017-2018,2017,Shanghai Masters,2017 Shanghai Masters,Professional,Ranking,700000.0,China
2017-2018,2017,Champion of Champions,2017 Champion of Champions,Professional,Invitational,370000.0,England
2017-2018,2017,International Championship,2017 International Championship,Professional,Ranking,755000.0,China
2017-2018,2017,English Open,2017 English Open,Professional,Ranking,408500.0,England
2017-2018,2017,European Masters,2017 European Masters,Professional,Ranking,365000.0,Belgium
2017-2018,2017,World Open,2017 World Open,Professional,Ranking,697000.0,China
2017-2018,2017,Indian Open,2017 Indian Open,Professional,Ranking,321000.0,India
2017-2018,2017,6-Reds World Championship,2017 6-Reds World Championship,Professional,6-reds,207000.0,Thailand
2017-2018,2017,Paul Hunter Classic,2017 Paul Hunter Classic,Professional,Ranking,105100.0,Germany
2017-2018,2017,China Championship,2017 China Championship,Professional,Ranking,697000.0,China
2017-2018,2017,Hong Kong Masters,2017 Hong Kong Masters,Professional,Invitational,315000.0,Hong Kong
2017-2018,2017,Riga Masters,2017 Riga Masters,Professional,Ranking,222000.0,Latvia
2017-2018,2017,Q School - Event 2,2017 Q School - Event 2,Professional,Tour Qualifier,0.0,England
2017-2018,2017,Q School - Event 1,2017 Q School - Event 1,Professional,Tour Qualifier,0.0,England
2016-2017,2017,World Championship,2017 World Championship,Professional,Ranking,1751000.0,England
2016-2017,2017,EBSA Amateur Play Offs,2017 EBSA Amateur Play Offs,Professional,Tour Qualifier,0.0,England
2016-2017,2017,China Open,2017 China Open,Professional,Ranking,516000.0,China
2016-2017,2017,Players Championship,2017 Players Championship,Professional,Ranking,375000.0,Wales
2016-2017,2017,Gibraltar Open,2017 Gibraltar Open,Professional,Ranking,93750.0,Gibraltar
2016-2017,2017,Snooker Shootout,2017 Snooker Shootout,Professional,Ranking,130000.0,England
2016-2017,2017,Welsh Open,2017 Welsh Open,Professional,Ranking,366000.0,Wales
2016-2017,2017,World Grand Prix,2017 World Grand Prix,Professional,Ranking,375000.0,England
2016-2017,2017,German Masters,2017 German Masters,Professional,Ranking,286450.0,Germany
2016-2017,2017,Masters,2017 Masters,Professional,Invitational,600000.0,England
2016-2017,2017,Championship League,2017 Championship League,Professional,League,181800.0,England
2018-2019,2018,Scottish Open,2018 Scottish Open,Professional,Ranking,364000.0,Scotland
2018-2019,2018,UK Championship,2018 UK Championship,Professional,Ranking,845000.0,England
2018-2019,2018,Northern Ireland Open,2018 Northern Ireland Open,Professional,Ranking,364000.0,Northern Ireland
2018-2019,2018,Champion of Champions,2018 Champion of Champions,Professional,Invitational,370000.0,England
2018-2019,2018,International Championship,2018 International Championship,Professional,Ranking,772000.0,China
2018-2019,2018,English Open,2018 English Open,Professional,Ranking,381000.0,England
2018-2019,2018,European Masters,2018 European Masters,Professional,Ranking,397000.0,Belgium
2018-2019,2018,China Championship,2018 China Championship,Professional,Ranking,746000.0,China
2018-2019,2018,Shanghai Masters,2018 Shanghai Masters,Professional,Invitational,720000.0,China
2018-2019,2018,6-Reds World Championship,2018 6-Reds World Championship,Professional,6-reds,226362.0,Thailand
2018-2019,2018,Paul Hunter Classic,2018 Paul Hunter Classic,Professional,Ranking,120000.0,Germany
2018-2019,2018,World Open,2018 World Open,Professional,Ranking,735000.0,China
2018-2019,2018,Riga Masters,2018 Riga Masters,Professional,Ranking,259000.0,Latvia
2018-2019,2018,Q School - Event 3,2018 Q School - Event 3,Professional,Tour Qualifier,0.0,England
2018-2019,2018,Q School - Event 2,2018 Q School - Event 2,Professional,Tour Qualifier,0.0,England
2018-2019,2018,Q School - Event 1,2018 Q School - Event 1,Professional,Tour Qualifier,0.0,England
2017-2018,2018,World Championship,2018 World Championship,Professional,Ranking,1978000.0,England
2017-2018,2018,China Open,2018 China Open,Professional,Ranking,1035000.0,China
2017-2018,2018,Players Championship,2018 Players Championship,Professional,Ranking,380000.0,Wales
2017-2018,2018,Romanian Masters,2018 Romanian Masters,Professional,Invitational,176800.0,Romania
2017-2018,2018,Gibraltar Open,2018 Gibraltar Open,Professional,Ranking,153000.0,Gibraltar
2017-2018,2018,Welsh Open,2018 Welsh Open,Professional,Ranking,366000.0,Wales
2017-2018,2018,World Grand Prix,2018 World Grand Prix,Professional,Ranking,375000.0,England
2017-2018,2018,Snooker Shootout,2018 Snooker Shootout,Professional,Ranking,145750.0,England
2017-2018,2018,German Masters,2018 German Masters,Professional,Ranking,364500.0,Germany
2017-2018,2018,Masters,2018 Masters,Professional,Invitational,600000.0,England
2017-2018,2018,Championship League,2018 Championship League,Professional,League,185300.0,England
2019-2020,2019,Scottish Open,2019 Scottish Open,Professional,Ranking,350000.0,Scotland
2019-2020,2019,UK Championship,2019 UK Championship,Professional,Ranking,994000.0,England
2019-2020,2019,Northern Ireland Open,2019 Northern Ireland Open,Professional,Ranking,400000.0,Northern Ireland
2019-2020,2019,Champion of Champions,2019 Champion of Champions,Professional,Invitational,440000.0,England
2019-2020,2019,World Open,2019 World Open,Professional,Ranking,766000.0,China
2019-2020,2019,English Open,2019 English Open,Professional,Ranking,400000.0,England
2019-2020,2019,China Championship,2019 China Championship,Professional,Ranking,745000.0,China
2019-2020,2019,Shanghai Masters,2019 Shanghai Masters,Professional,Invitational,745000.0,China
2019-2020,2019,6-Reds World Championship,2019 6-Reds World Championship,Professional,6-reds,278326.0,Thailand
2019-2020,2019,Paul Hunter Classic,2019 Paul Hunter Classic,Professional,Invitational,10000.0,Germany
2019-2020,2019,International Championship,2019 International Championship,Professional,Ranking,796000.0,China
2019-2020,2019,Riga Masters,2019 Riga Masters,Professional,Ranking,273000.0,Latvia
2019-2020,2019,Q School - Event 3,2019 Q School - Event 3,Professional,Tour Qualifier,0.0,England
2019-2020,2019,Q School - Event 2,2019 Q School - Event 2,Professional,Tour Qualifier,0.0,England
2019-2020,2019,Q School - Event 1,2019 Q School - Event 1,Professional,Tour Qualifier,0.0,England
2018-2019,2019,World Championship,2019 World Championship,Professional,Ranking,2220000.0,England
2018-2019,2019,China Open,2019 China Open,Professional,Ranking,993000.0,China
2018-2019,2019,Tour Championship,2019 Tour Championship,Professional,Ranking,370000.0,Wales
2018-2019,2019,Gibraltar Open,2019 Gibraltar Open,Professional,Ranking,177000.0,Gibraltar
2018-2019,2019,Players Championship,2019 Players Championship,Professional,Ranking,375000.0,England
2018-2019,2019,Indian Open,2019 Indian Open,Professional,Ranking,321000.0,India
2018-2019,2019,Snooker Shootout,2019 Snooker Shootout,Professional,Ranking,128000.0,England
2018-2019,2019,Welsh Open,2019 Welsh Open,Professional,Ranking,364000.0,Wales
2018-2019,2019,World Grand Prix,2019 World Grand Prix,Professional,Ranking,370000.0,England
2018-2019,2019,German Masters,2019 German Masters,Professional,Ranking,395000.0,Germany
2018-2019,2019,Masters,2019 Masters,Professional,Invitational,590000.0,England
2018-2019,2019,Championship League,2019 Championship League,Professional,League,177800.0,England
2019-2020,2020,Championship League,2020 Championship League,Professional,League,0.0,England
